H,rule,subset,n,caught,share,aer0,aer1,gym,cricket_indoor,cricket_outdoor,football,lead_med,lead_q1,lead_q3,leadrun_med,fire_rows/wk,FA_rows/wk,FA_episodes/wk,FA_episodes
30,R1 routine,all,110,12,0.10909090909090909,1/70,11/40,1/70,4/15,0/15,7/10,30.0,30.0,30.0,30.0,18.15942028985507,15.758454106280192,1.285024154589372,38
30,R2 movement,all,110,106,0.9636363636363636,67/70,39/40,67/70,15/15,14/15,10/10,25.0,15.0,30.0,25.0,247.16425120772945,232.38647342995168,52.2463768115942,1545
30,R3 routine or movement,all,110,106,0.9636363636363636,67/70,39/40,67/70,15/15,14/15,10/10,30.0,15.0,30.0,30.0,260.487922705314,244.83091787439614,52.48309178743961,1552
30,gate alone (ref),all,110,47,0.42727272727272725,16/70,31/40,16/70,10/15,12/15,9/10,30.0,30.0,30.0,170.0,805.9468599033816,796.6811594202898,12.85024154589372,380
30,R1 and gate,all,110,9,0.08181818181818182,0/70,9/40,0/70,3/15,0/15,6/10,30.0,30.0,30.0,30.0,12.376811594202898,10.550724637681158,0.9468599033816425,28
30,R2 and gate,all,110,47,0.42727272727272725,16/70,31/40,16/70,10/15,12/15,9/10,30.0,17.5,30.0,30.0,198.1304347826087,191.53623188405797,43.2512077294686,1279
30,R3 and gate,all,110,47,0.42727272727272725,16/70,31/40,16/70,10/15,12/15,9/10,30.0,22.5,30.0,30.0,206.3478260869565,199.04347826086956,43.2512077294686,1279
30,R1 routine,low_any,44,6,0.13636363636363635,0/24,6/20,0/24,2/8,0/6,4/6,30.0,30.0,30.0,30.0,18.15942028985507,15.758454106280192,1.285024154589372,38
30,R2 movement,low_any,44,43,0.9772727272727273,24/24,19/20,24/24,8/8,5/6,6/6,25.0,17.5,30.0,25.0,247.16425120772945,232.38647342995168,52.2463768115942,1545
30,R3 routine or movement,low_any,44,43,0.9772727272727273,24/24,19/20,24/24,8/8,5/6,6/6,30.0,20.0,30.0,30.0,260.487922705314,244.83091787439614,52.48309178743961,1552
30,gate alone (ref),low_any,44,28,0.6363636363636364,11/24,17/20,11/24,6/8,5/6,6/6,30.0,30.0,30.0,207.5,805.9468599033816,796.6811594202898,12.85024154589372,380
30,R1 and gate,low_any,44,6,0.13636363636363635,0/24,6/20,0/24,2/8,0/6,4/6,30.0,30.0,30.0,30.0,12.376811594202898,10.550724637681158,0.9468599033816425,28
30,R2 and gate,low_any,44,28,0.6363636363636364,11/24,17/20,11/24,6/8,5/6,6/6,30.0,18.75,30.0,30.0,198.1304347826087,191.53623188405797,43.2512077294686,1279
30,R3 and gate,low_any,44,28,0.6363636363636364,11/24,17/20,11/24,6/8,5/6,6/6,30.0,23.75,30.0,30.0,206.3478260869565,199.04347826086956,43.2512077294686,1279
60,R1 routine,all,110,13,0.11818181818181818,1/70,12/40,1/70,5/15,0/15,7/10,60.0,60.0,60.0,60.0,28.304347826086953,23.400966183574877,1.251207729468599,37
60,R2 movement,all,110,106,0.9636363636363636,67/70,39/40,67/70,15/15,14/15,10/10,32.5,15.0,55.0,32.5,247.16425120772945,225.99516908212559,51.130434782608695,1512
60,R3 routine or movement,all,110,106,0.9636363636363636,67/70,39/40,67/70,15/15,14/15,10/10,40.0,20.0,60.0,40.0,268.6038647342995,244.76328502415458,50.9951690821256,1508
60,gate alone (ref),all,110,49,0.44545454545454544,16/70,33/40,16/70,11/15,12/15,10/10,60.0,60.0,60.0,195.0,805.9468599033816,787.8550724637681,12.7487922705314,377
60,R1 and gate,all,110,11,0.1,0/70,11/40,0/70,4/15,0/15,7/10,60.0,60.0,60.0,60.0,19.342995169082126,15.454106280193235,0.9130434782608695,27
60,R2 and gate,all,110,48,0.43636363636363634,16/70,32/40,16/70,11/15,12/15,9/10,40.0,25.0,60.0,40.0,198.1304347826087,188.05314009661834,42.743961352657,1264
60,R3 and gate,all,110,49,0.44545454545454544,16/70,33/40,16/70,11/15,12/15,10/10,55.0,30.0,60.0,55.0,211.7246376811594,199.3478260869565,42.405797101449274,1254
60,R1 routine,low_any,44,7,0.1590909090909091,0/24,7/20,0/24,3/8,0/6,4/6,60.0,60.0,60.0,60.0,28.304347826086953,23.400966183574877,1.251207729468599,37
60,R2 movement,low_any,44,43,0.9772727272727273,24/24,19/20,24/24,8/8,5/6,6/6,30.0,22.5,52.5,30.0,247.16425120772945,225.99516908212559,51.130434782608695,1512
60,R3 routine or movement,low_any,44,43,0.9772727272727273,24/24,19/20,24/24,8/8,5/6,6/6,40.0,25.0,60.0,40.0,268.6038647342995,244.76328502415458,50.9951690821256,1508
60,gate alone (ref),low_any,44,29,0.6590909090909091,11/24,18/20,11/24,7/8,5/6,6/6,60.0,60.0,60.0,215.0,805.9468599033816,787.8550724637681,12.7487922705314,377
60,R1 and gate,low_any,44,7,0.1590909090909091,0/24,7/20,0/24,3/8,0/6,4/6,60.0,60.0,60.0,60.0,19.342995169082126,15.454106280193235,0.9130434782608695,27
60,R2 and gate,low_any,44,29,0.6590909090909091,11/24,18/20,11/24,7/8,5/6,6/6,30.0,20.0,45.0,30.0,198.1304347826087,188.05314009661834,42.743961352657,1264
60,R3 and gate,low_any,44,29,0.6590909090909091,11/24,18/20,11/24,7/8,5/6,6/6,40.0,30.0,60.0,40.0,211.7246376811594,199.3478260869565,42.405797101449274,1254
90,R1 routine,all,110,15,0.13636363636363635,3/70,12/40,3/70,5/15,0/15,7/10,90.0,90.0,90.0,90.0,37.97584541062802,30.164251207729468,1.217391304347826,36
90,R2 movement,all,110,106,0.9636363636363636,67/70,39/40,67/70,15/15,14/15,10/10,40.0,20.0,75.0,40.0,247.16425120772945,222.03864734299515,50.21739130434782,1485
90,R3 routine or movement,all,110,106,0.9636363636363636,67/70,39/40,67/70,15/15,14/15,10/10,55.0,25.0,88.75,55.0,276.3478260869565,246.14975845410626,49.743961352657,1471
90,gate alone (ref),all,110,53,0.4818181818181818,18/70,35/40,18/70,12/15,13/15,10/10,90.0,90.0,90.0,200.0,805.9468599033816,778.7246376811594,12.545893719806763,371
90,R1 and gate,all,110,12,0.10909090909090909,1/70,11/40,1/70,4/15,0/15,7/10,90.0,90.0,90.0,90.0,25.463768115942027,19.207729468599034,0.9130434782608695,27
90,R2 and gate,all,110,50,0.45454545454545453,16/70,34/40,16/70,12/15,13/15,9/10,50.0,26.25,88.75,50.0,198.1304347826087,185.51690821256037,42.169082125603865,1247
90,R3 and gate,all,110,51,0.4636363636363636,16/70,35/40,16/70,12/15,13/15,10/10,75.0,30.0,90.0,75.0,216.39130434782606,199.58454106280192,41.69565217391304,1233
90,R1 routine,low_any,44,9,0.20454545454545456,2/24,7/20,2/24,3/8,0/6,4/6,90.0,90.0,90.0,90.0,37.97584541062802,30.164251207729468,1.217391304347826,36
90,R2 movement,low_any,44,43,0.9772727272727273,24/24,19/20,24/24,8/8,5/6,6/6,40.0,25.0,67.5,40.0,247.16425120772945,222.03864734299515,50.21739130434782,1485
90,R3 routine or movement,low_any,44,43,0.9772727272727273,24/24,19/20,24/24,8/8,5/6,6/6,55.0,27.5,87.5,55.0,276.3478260869565,246.14975845410626,49.743961352657,1471
90,gate alone (ref),low_any,44,31,0.7045454545454546,12/24,19/20,12/24,8/8,5/6,6/6,90.0,90.0,90.0,215.0,805.9468599033816,778.7246376811594,12.545893719806763,371
90,R1 and gate,low_any,44,8,0.18181818181818182,1/24,7/20,1/24,3/8,0/6,4/6,90.0,90.0,90.0,90.0,25.463768115942027,19.207729468599034,0.9130434782608695,27
90,R2 and gate,low_any,44,30,0.6818181818181818,11/24,19/20,11/24,8/8,5/6,6/6,35.0,21.25,76.25,35.0,198.1304347826087,185.51690821256037,42.169082125603865,1247
90,R3 and gate,low_any,44,30,0.6818181818181818,11/24,19/20,11/24,8/8,5/6,6/6,50.0,30.0,90.0,50.0,216.39130434782606,199.58454106280192,41.69565217391304,1233
