session_uid,cat2,duration_min,g0,slope30,mins_since_meal,meal_band,bolus_iob_u,est_basal_iob_u,insulin_total_4h,low_any,low_late,below3_any,nadir,outcome_missing_frac,usable
1ei55l,cricket_indoor,50.0,4.3,-2.0,30.0,0-2h,4.462,0.05,14.5328,1,0,0,3.1,0.0,1
1ei55l,cricket_indoor,50.0,8.4,-2.0,10.0,0-2h,8.692,0.825,15.8364,0,0,0,4.6,0.0,1
1ei55l,cricket_indoor,50.0,5.1,0.5,115.0,0-2h,0.076,0.171,7.0663,0,1,0,5.1,0.0,1
1tlasq,gym,120.0,5.7,-0.8,20.0,0-2h,5.85,0.447,9.6466,1,1,0,3.3,0.0,1
1tlasq,gym,120.0,5.9,-0.7,795.0,6h+,0.0,0.581,2.1417,1,1,0,3.0,0.0,1
1tlasq,gym,120.0,8.9,0.6,740.0,6h+,0.0,1.031,4.448,0,0,0,5.2,0.0,1
1ulboj,cricket_outdoor,190.0,7.9,1.7,25.0,0-2h,5.404,0.695,13.2012,0,0,0,6.7,0.0,1
1ulboj,cricket_outdoor,190.0,9.7,0.5,65.0,0-2h,1.143,0.878,13.4689,0,0,0,7.7,0.0,1
1ulboj,cricket_outdoor,190.0,10.8,-3.1,30.0,0-2h,4.838,0.982,16.4445,1,1,1,2.9,0.0,1
22u6c4,gym,95.0,5.5,-0.4,15.0,0-2h,7.466,0.376,14.3205,0,1,0,4.1,0.0,1
22u6c4,gym,95.0,8.1,-0.4,845.0,6h+,4.3,0.727,1.6762,0,1,0,4.5,0.0,1
22u6c4,gym,95.0,5.2,0.4,60.0,0-2h,2.25,0.432,7.7573,0,0,0,4.2,0.0,1
22ywd6,gym,15.0,6.8,-0.1,1440.0,6h+,0.0,0.609,3.1994,0,0,0,5.4,0.0,1
22ywd6,gym,15.0,6.5,-0.6,245.0,4-6h,0.0,0.66,2.164,0,0,0,6.3,0.0,1
22ywd6,gym,15.0,6.3,-0.2,740.0,6h+,0.0,0.689,2.493,0,1,0,5.9,0.0,1
2eeinf,gym,65.0,8.2,1.0,525.0,6h+,0.0,0.609,2.4626,0,0,0,6.4,0.0,1
2eeinf,gym,65.0,9.3,0.4,775.0,6h+,0.0,0.829,2.1706,0,1,0,5.1,0.0,1
2eeinf,gym,65.0,10.7,1.9,765.0,6h+,0.0,1.232,3.0518,0,1,0,4.1,0.0,1
313z9g,football,65.0,9.8,-3.4,25.0,0-2h,8.632,0.947,22.5761,0,1,0,4.1,0.0541,1
313z9g,football,65.0,7.1,0.4,15.0,0-2h,5.25,0.638,13.8508,1,0,0,3.2,0.0,1
313z9g,football,65.0,7.6,-1.8,25.0,0-2h,9.296,0.724,21.864,0,0,0,5.2,0.0,1
3bennr,gym,70.0,6.8,2.7,20.0,0-2h,3.528,0.402,6.7397,0,1,0,6.8,0.0,1
3bennr,gym,70.0,5.1,1.5,60.0,0-2h,3.988,0.616,10.9626,0,1,0,4.5,0.0,1
3bennr,gym,70.0,4.7,-1.7,25.0,0-2h,4.71,0.06,14.5328,1,0,0,3.1,0.0,1
3hukn9,gym,70.0,8.2,1.0,525.0,6h+,0.0,0.609,2.4626,0,0,0,6.4,0.0,1
3hukn9,gym,70.0,10.5,2.0,45.0,0-2h,1.71,1.031,5.31,0,1,0,6.3,0.0,1
3hukn9,gym,70.0,9.0,-1.0,105.0,0-2h,0.306,0.932,5.177,0,1,0,4.6,0.0,1
3moiw0,football,70.0,12.5,2.2,20.0,0-2h,3.509,1.054,10.8987,1,1,0,3.9,0.0,1
3moiw0,football,70.0,5.4,0.5,130.0,2-4h,0.0,0.53,11.304,0,1,0,5.3,0.0,1
3moiw0,football,70.0,9.9,0.9,105.0,0-2h,0.383,0.931,4.865,0,0,0,5.6,0.0,1
3r18g1,gym,20.0,6.7,-0.5,240.0,2-4h,0.0,0.736,3.3711,0,0,0,6.3,0.0,1
3r18g1,gym,20.0,6.5,0.0,735.0,6h+,0.0,0.752,2.529,0,1,0,5.9,0.0,1
3r18g1,gym,20.0,6.8,-0.6,1440.0,6h+,0.0,0.578,3.1994,0,0,0,5.4,0.0,1
3uw17h,gym,100.0,8.9,0.9,500.0,6h+,0.0,1.438,4.6334,0,0,0,7.2,0.0,1
3uw17h,gym,100.0,6.7,1.1,640.0,6h+,0.0,0.742,3.2009,0,1,0,5.2,0.0,1
3uw17h,gym,100.0,8.4,1.2,580.0,6h+,0.0,1.231,4.4039,1,1,0,3.4,0.0,1
4hao0e,cricket_indoor,65.0,4.8,-2.1,65.0,0-2h,2.979,0.677,10.3194,0,0,0,4.8,0.0,1
4hao0e,cricket_indoor,65.0,5.9,-1.0,85.0,0-2h,1.4,0.385,5.6529,0,0,0,4.9,0.0,1
4hao0e,cricket_indoor,65.0,4.6,0.0,130.0,2-4h,0.0,0.197,12.075,1,1,0,3.5,0.0,1
4nab1d,cricket_outdoor,240.0,8.7,2.0,35.0,0-2h,1.924,0.446,14.8012,0,0,0,7.5,0.0,1
4nab1d,cricket_outdoor,240.0,9.3,-1.7,150.0,2-4h,0.0,0.787,13.6814,0,0,0,7.7,0.0,1
4nab1d,cricket_outdoor,240.0,6.5,3.6,20.0,0-2h,2.349,0.335,17.3971,0,1,0,6.5,0.0,1
6c42p9,gym,80.0,13.9,6.9,310.0,4-6h,0.0,0.783,2.7422,0,1,0,11.2,0.075,1
6c42p9,gym,80.0,8.8,-2.1,30.0,0-2h,1.488,0.854,4.0472,1,1,0,3.3,0.0,1
6c42p9,gym,80.0,7.4,-3.1,295.0,4-6h,0.875,0.588,3.5362,1,1,0,3.6,0.0,1
6td5it,cricket_indoor,55.0,9.7,2.4,55.0,0-2h,2.119,0.765,7.2288,0,1,0,8.0,0.0,1
6td5it,cricket_indoor,55.0,4.8,-0.3,95.0,0-2h,1.487,0.856,11.6165,0,1,0,4.5,0.0,1
6td5it,cricket_indoor,55.0,3.4,-0.9,60.0,0-2h,2.975,0.011,11.3328,1,0,0,3.1,0.0,1
72zwkh,football,90.0,4.1,0.9,95.0,0-2h,1.24,0.106,6.6328,0,0,0,4.1,0.0,1
72zwkh,football,90.0,5.5,-1.4,75.0,0-2h,3.736,0.167,11.8038,0,0,0,4.6,0.0,1
72zwkh,football,90.0,5.0,-2.3,50.0,0-2h,1.606,0.22,6.497,0,0,0,4.7,0.0,1
73zw3x,cricket_outdoor,215.0,6.0,-1.9,105.0,0-2h,0.411,0.268,15.0184,1,0,0,3.4,0.0,1
73zw3x,cricket_outdoor,215.0,3.7,-1.6,100.0,0-2h,0.795,0.386,11.6855,1,0,0,3.7,0.0,1
73zw3x,cricket_outdoor,215.0,7.1,-1.6,10.0,0-2h,4.465,0.866,7.736,1,1,0,3.1,0.0,1
7altkw,football,60.0,5.9,-0.2,35.0,0-2h,6.593,0.346,12.9031,0,0,0,5.8,0.0,1
7altkw,football,60.0,8.4,-1.8,30.0,0-2h,4.612,0.667,9.605,0,1,0,5.3,0.0,1
7altkw,football,60.0,9.0,-0.2,105.0,0-2h,0.348,0.966,7.9377,0,0,0,5.9,0.0,1
7ixqp3,gym,135.0,15.0,-1.3,40.0,0-2h,5.881,1.167,10.9219,1,0,0,3.4,0.0,1
7ixqp3,gym,135.0,3.7,-1.8,125.0,2-4h,0.0,0.454,7.0963,1,1,0,3.1,0.0,1
7ixqp3,gym,135.0,3.5,0.8,45.0,0-2h,7.195,0.471,19.9721,1,0,1,2.2,0.0,1
80iknq,cricket_indoor,60.0,11.9,2.2,75.0,0-2h,0.695,0.885,15.362,0,1,0,8.4,0.0556,1
80iknq,cricket_indoor,60.0,3.2,-10.5,50.0,0-2h,3.964,0.757,9.3479,1,0,1,2.2,0.0,1
80iknq,cricket_indoor,60.0,6.9,0.5,75.0,0-2h,0.86,0.64,10.249,0,1,0,5.4,0.0,1
8b5ekj,gym,75.0,4.9,-1.3,15.0,0-2h,5.206,0.079,14.5328,1,0,0,3.1,0.0,1
8b5ekj,gym,75.0,5.9,1.1,10.0,0-2h,3.978,0.297,6.7397,0,1,0,5.9,0.0,1
8b5ekj,gym,75.0,4.7,0.9,50.0,0-2h,4.73,0.512,10.735,0,1,0,4.5,0.0,1
98iqiq,cricket_outdoor,225.0,3.3,-0.8,65.0,0-2h,2.617,0.431,9.7067,1,0,0,3.3,0.0,1
98iqiq,cricket_outdoor,225.0,5.6,-1.7,65.0,0-2h,4.625,0.559,15.3007,0,0,0,5.6,0.0,1
98iqiq,cricket_outdoor,225.0,7.4,0.6,100.0,0-2h,0.86,0.867,15.858,0,1,0,6.3,0.0,1
9lr7e6,gym,80.0,8.4,-1.1,650.0,6h+,0.0,0.473,2.2182,0,0,0,4.8,0.0,1
9lr7e6,gym,80.0,9.4,2.9,85.0,0-2h,1.092,0.806,7.4087,0,0,0,6.0,0.0,1
9lr7e6,gym,80.0,7.2,-0.6,170.0,2-4h,0.0,0.647,6.1475,1,1,0,3.1,0.0,1
a64kmp,gym,110.0,7.6,-0.8,10.0,0-2h,5.482,1.355,10.3865,1,1,0,3.3,0.0,1
a64kmp,gym,110.0,8.0,0.0,10.0,0-2h,10.01,0.936,15.5354,0,0,0,5.6,0.0,1
a64kmp,gym,110.0,6.6,0.5,55.0,0-2h,2.611,0.93,13.403,0,1,0,6.6,0.0,1
a9xj5m,gym,55.0,6.4,0.0,750.0,6h+,0.0,0.564,2.493,0,1,0,5.9,0.0,1
a9xj5m,gym,55.0,6.3,-0.6,255.0,4-6h,0.0,0.516,1.9498,0,0,0,6.0,0.0,1
a9xj5m,gym,55.0,8.1,1.5,530.0,6h+,0.0,0.564,2.7298,0,0,0,7.7,0.0,1
ab1mob,cricket_outdoor,125.0,5.0,-1.2,70.0,0-2h,2.16,0.699,14.0551,1,0,0,3.8,0.0,1
ab1mob,cricket_outdoor,125.0,8.9,-0.8,25.0,0-2h,6.135,1.271,23.6514,0,0,0,5.8,0.0,1
ab1mob,cricket_outdoor,125.0,7.7,0.9,105.0,0-2h,1.08,0.596,17.9369,0,1,0,6.4,0.0,1
aepsky,gym,105.0,7.2,-1.0,25.0,0-2h,2.304,0.816,6.6627,1,1,0,3.2,0.0,1
aepsky,gym,105.0,7.7,2.6,90.0,0-2h,0.562,0.429,4.3447,0,1,0,7.7,0.0,1
aepsky,gym,105.0,4.2,-2.2,55.0,0-2h,2.094,0.233,6.5176,1,1,0,3.8,0.0,1
ajlvpr,gym,70.0,7.5,0.7,825.0,6h+,0.0,1.373,3.4255,1,1,1,2.6,0.0,1
ajlvpr,gym,70.0,5.6,-1.3,630.0,6h+,0.0,0.684,2.797,0,0,0,4.4,0.0,1
ajlvpr,gym,70.0,6.8,0.1,330.0,4-6h,0.0,1.005,3.1919,0,0,0,5.1,0.0,1
aufli1,gym,70.0,5.9,2.0,25.0,0-2h,1.879,0.32,7.7463,0,1,0,5.9,0.0,1
aufli1,gym,70.0,7.9,-0.5,770.0,6h+,0.0,1.562,5.0903,1,1,1,2.8,0.0,1
aufli1,gym,70.0,6.1,1.9,30.0,0-2h,6.562,0.59,15.4804,1,1,0,3.6,0.0,1
ax9fyg,cricket_outdoor,130.0,9.4,1.5,160.0,2-4h,0.0,1.118,10.464,0,1,0,4.4,0.0,1
ax9fyg,cricket_outdoor,130.0,6.5,0.7,80.0,0-2h,2.583,0.504,11.2365,0,0,0,6.5,0.0,1
ax9fyg,cricket_outdoor,130.0,9.2,-3.3,25.0,0-2h,7.527,1.583,20.1875,0,1,0,4.2,0.0,1
c97s94,cricket_indoor,80.0,7.7,-0.7,60.0,0-2h,1.137,0.444,15.6557,0,1,0,6.2,0.0,1
c97s94,cricket_indoor,80.0,8.5,-1.9,25.0,0-2h,4.91,0.732,9.7019,0,1,0,5.3,0.0,1
c97s94,cricket_indoor,80.0,5.3,-0.6,30.0,0-2h,6.977,0.291,12.8374,0,0,0,5.3,0.0,1
cc9axe,gym,85.0,6.1,-0.6,195.0,2-4h,0.0,0.779,13.486,1,1,0,3.2,0.0,1
cc9axe,gym,85.0,5.2,-0.2,180.0,2-4h,0.0,0.325,10.6931,1,1,0,3.3,0.0,1
cc9axe,gym,85.0,5.0,-2.2,180.0,2-4h,0.0,0.385,10.4103,1,1,0,3.6,0.0,1
cg96nh,gym,60.0,6.7,-0.5,240.0,2-4h,0.0,0.736,3.3711,0,0,0,6.0,0.0,1
cg96nh,gym,60.0,6.8,-0.6,1440.0,6h+,0.0,0.578,3.1994,0,0,0,5.4,0.0,1
cg96nh,gym,60.0,6.5,0.0,735.0,6h+,0.0,0.752,2.529,0,1,0,5.9,0.0,1
e6fuxr,cricket_indoor,65.0,10.2,1.5,35.0,0-2h,0.637,0.999,5.9549,0,0,0,4.3,0.0,1
e6fuxr,cricket_indoor,65.0,4.5,-1.1,110.0,0-2h,0.612,0.705,11.2896,0,1,0,4.5,0.0,1
e6fuxr,cricket_indoor,65.0,11.3,2.8,70.0,0-2h,1.6,0.912,7.5159,0,1,0,6.4,0.0,1
ejen0x,gym,80.0,13.7,-1.0,15.0,0-2h,6.541,1.207,12.9873,0,1,0,6.3,0.075,1
ejen0x,gym,80.0,4.7,0.9,50.0,0-2h,4.73,0.512,10.735,0,1,0,4.5,0.0,1
ejen0x,gym,80.0,5.9,1.1,10.0,0-2h,3.978,0.297,6.7397,0,1,0,5.9,0.0,1
ezzmhu,gym,75.0,6.8,0.1,330.0,4-6h,0.0,1.005,3.1919,0,0,0,5.1,0.0,1
ezzmhu,gym,75.0,12.1,3.4,60.0,0-2h,3.098,0.976,8.9556,0,0,0,8.2,0.0,1
ezzmhu,gym,75.0,5.3,-0.9,75.0,0-2h,1.606,0.222,6.3366,0,0,0,4.4,0.0,1
f8w6hc,gym,105.0,8.8,3.1,50.0,0-2h,0.54,0.715,11.36,1,1,1,2.9,0.0,1
f8w6hc,gym,105.0,7.0,-0.2,810.0,6h+,0.0,0.417,2.3341,1,0,0,3.7,0.0,1
f8w6hc,gym,105.0,7.8,-0.4,845.0,6h+,0.0,1.25,4.1243,1,1,1,2.3,0.0,1
f9basx,cricket_indoor,60.0,6.5,-2.2,35.0,0-2h,3.85,0.501,13.5927,1,0,0,3.2,0.0,1
f9basx,cricket_indoor,60.0,5.9,-3.4,45.0,0-2h,6.955,0.495,21.5232,0,0,0,5.2,0.0,1
f9basx,cricket_indoor,60.0,9.0,-2.2,45.0,0-2h,6.516,0.639,22.4495,1,1,0,3.7,0.0556,1
f9riiq,gym,75.0,5.7,-1.7,45.0,0-2h,1.406,0.329,4.7246,0,1,0,5.1,0.0,1
f9riiq,gym,75.0,8.5,-0.1,840.0,6h+,0.0,1.03,3.8127,0,1,0,4.1,0.0,1
f9riiq,gym,75.0,6.7,-0.3,35.0,0-2h,2.53,0.752,7.0266,0,0,0,6.0,0.0,1
fff7dm,gym,60.0,4.8,-1.5,220.0,2-4h,0.0,0.441,12.968,1,1,0,3.2,0.0,1
fff7dm,gym,60.0,4.0,-1.4,205.0,2-4h,0.0,0.219,10.6931,1,1,0,3.3,0.0,1
fff7dm,gym,60.0,4.1,-1.2,205.0,2-4h,0.0,0.158,10.4103,1,1,0,3.6,0.0,1
fl4q1j,cricket_outdoor,310.0,6.7,-0.8,225.0,2-4h,0.0,0.278,10.5774,0,0,0,6.0,0.0,1
fl4q1j,cricket_outdoor,310.0,7.8,0.3,195.0,2-4h,0.0,0.712,4.0675,0,0,0,4.1,0.0,1
fl4q1j,cricket_outdoor,310.0,7.5,-1.7,135.0,2-4h,0.0,0.689,9.2169,1,1,1,2.9,0.0,1
gg0lg2,gym,60.0,8.3,-0.2,115.0,0-2h,0.07,1.161,11.6997,0,0,0,5.4,0.0,1
gg0lg2,gym,60.0,11.4,-0.5,40.0,0-2h,2.833,1.499,16.2873,0,0,0,9.3,0.0,1
gg0lg2,gym,60.0,8.2,0.0,10.0,0-2h,6.914,0.858,16.1099,1,0,0,3.8,0.0,1
gigkx5,gym,85.0,8.7,0.8,65.0,0-2h,1.213,1.088,6.0702,0,1,0,4.2,0.0,1
gigkx5,gym,85.0,7.2,-0.4,645.0,6h+,0.0,1.033,3.3581,0,1,0,4.9,0.0,1
gigkx5,gym,85.0,8.2,-0.6,550.0,6h+,0.0,1.211,3.6003,1,1,0,3.8,0.0,1
h3p231,gym,55.0,6.8,0.3,785.0,6h+,0.0,0.913,2.9075,0,1,0,6.8,0.0,1
h3p231,gym,55.0,6.7,0.4,290.0,4-6h,0.0,0.613,2.3351,0,0,0,6.0,0.0,1
h3p231,gym,55.0,8.7,0.9,20.0,0-2h,5.064,0.763,8.6298,0,0,0,8.2,0.0,1
h7yu9u,gym,105.0,7.0,-3.3,25.0,0-2h,3.197,0.408,11.956,1,1,0,3.8,0.0,1
h7yu9u,gym,105.0,6.0,0.7,125.0,2-4h,0.0,0.555,11.6024,1,1,0,3.6,0.0,1
h7yu9u,gym,105.0,5.2,-1.1,60.0,0-2h,2.694,0.419,10.8855,0,0,0,4.3,0.0,1
ho523h,cricket_outdoor,415.0,6.9,-0.3,80.0,0-2h,2.69,0.734,15.9171,0,1,0,4.4,0.0,1
ho523h,cricket_outdoor,415.0,6.7,-1.7,45.0,0-2h,6.583,0.87,15.7819,0,0,0,5.6,0.0,1
ho523h,cricket_outdoor,415.0,11.2,0.3,60.0,0-2h,2.905,1.018,26.7467,1,1,1,2.2,0.1028,1
hok5dc,gym,75.0,4.9,-2.0,60.0,0-2h,2.573,0.295,7.0188,1,0,0,3.7,0.0,1
hok5dc,gym,75.0,7.7,1.0,825.0,6h+,0.0,0.777,3.8264,0,0,0,6.1,0.0,1
hok5dc,gym,75.0,8.7,0.0,580.0,6h+,0.0,1.425,4.8928,0,1,0,4.7,0.0,1
hzwzod,gym,120.0,7.7,-0.6,750.0,6h+,0.0,1.258,3.8279,0,0,0,6.1,0.0,1
hzwzod,gym,120.0,8.1,1.1,505.0,6h+,0.0,1.195,4.1962,0,1,0,4.7,0.0,1
hzwzod,gym,120.0,7.8,-0.7,10.0,0-2h,4.153,0.927,7.5722,0,1,0,4.3,0.0,1
ima4ht,gym,110.0,7.2,-1.0,10.0,0-2h,3.5,0.842,7.319,1,1,0,3.8,0.0,1
ima4ht,gym,110.0,7.7,0.5,675.0,6h+,0.0,1.165,4.0107,1,1,1,2.8,0.0,1
ima4ht,gym,110.0,8.5,-0.1,840.0,6h+,0.0,1.03,3.8127,1,1,0,3.2,0.0,1
jbp3dg,cricket_indoor,65.0,10.3,6.5,255.0,4-6h,0.0,0.36,2.2017,1,1,0,3.6,0.0,1
jbp3dg,cricket_indoor,65.0,9.8,5.8,255.0,4-6h,0.0,0.597,1.9341,1,1,0,3.3,0.0,1
jbp3dg,cricket_indoor,65.0,7.8,-0.6,90.0,0-2h,1.635,0.248,9.2686,1,0,0,3.1,0.0,1
js4fu2,cricket_outdoor,190.0,5.8,0.3,260.0,4-6h,0.0,0.177,0.7319,0,1,0,5.8,0.0,1
js4fu2,cricket_outdoor,190.0,9.9,1.3,130.0,2-4h,0.0,1.365,9.901,0,0,0,9.1,0.0,1
js4fu2,cricket_outdoor,190.0,11.4,-1.9,110.0,0-2h,6.569,1.48,15.0104,1,1,1,2.3,0.0,1
k1ej7c,gym,70.0,7.7,-1.2,145.0,2-4h,0.0,0.472,5.6859,1,1,0,3.5,0.0,1
k1ej7c,gym,70.0,5.6,0.7,205.0,2-4h,0.0,0.417,4.6952,0,1,0,4.1,0.0,1
k1ej7c,gym,70.0,9.4,2.7,625.0,6h+,0.0,0.566,2.4624,0,0,0,5.3,0.0,1
k213bc,gym,80.0,8.9,1.6,110.0,0-2h,0.296,1.073,9.9089,0,1,0,7.2,0.0,1
k213bc,gym,80.0,5.1,-1.7,25.0,0-2h,2.727,0.636,14.864,0,0,0,5.1,0.0,1
k213bc,gym,80.0,7.5,2.5,65.0,0-2h,2.275,0.473,10.7155,1,1,0,3.9,0.0,1
k7fesg,gym,85.0,5.7,-1.7,45.0,0-2h,1.406,0.329,4.7246,0,1,0,5.1,0.0,1
k7fesg,gym,85.0,6.7,-0.3,35.0,0-2h,2.53,0.752,7.0266,0,0,0,6.0,0.0,1
k7fesg,gym,85.0,8.5,-0.1,840.0,6h+,0.0,1.03,3.8127,1,1,0,3.8,0.0,1
knqao7,gym,80.0,9.1,2.3,50.0,0-2h,2.292,0.713,7.1331,0,1,0,6.5,0.0,1
knqao7,gym,80.0,5.0,-0.1,90.0,0-2h,1.779,0.915,11.6309,0,1,0,4.5,0.0,1
knqao7,gym,80.0,3.6,-1.1,55.0,0-2h,3.223,0.013,14.5328,1,0,0,3.1,0.0,1
knv2j8,gym,75.0,6.7,0.6,760.0,6h+,0.0,0.87,2.5497,1,1,0,3.0,0.0,1
knv2j8,gym,75.0,4.9,0.0,15.0,0-2h,7.781,0.434,15.401,1,1,0,3.6,0.0,1
knv2j8,gym,75.0,8.3,-0.4,755.0,6h+,0.0,1.541,4.9242,1,1,1,2.8,0.0,1
kxwmdv,cricket_indoor,75.0,6.0,-3.8,60.0,0-2h,3.307,0.788,11.6273,1,1,0,3.3,0.0,1
kxwmdv,cricket_indoor,75.0,5.1,0.5,160.0,2-4h,0.0,0.465,8.1652,1,1,0,3.5,0.0,1
kxwmdv,cricket_indoor,75.0,3.7,-0.1,85.0,0-2h,1.686,0.316,14.7835,1,0,0,3.6,0.0,1
l1nei2,gym,55.0,8.2,0.2,755.0,6h+,0.0,0.693,2.4882,0,1,0,6.7,0.0,1
l1nei2,gym,55.0,9.9,,510.0,6h+,0.0,0.686,2.4405,0,1,0,6.1,0.0,1
l1nei2,gym,55.0,6.9,-0.9,540.0,6h+,0.0,0.123,2.4237,0,1,0,6.9,0.0,1
lev7l3,gym,55.0,12.4,2.9,35.0,0-2h,2.967,1.062,5.5656,0,1,0,12.2,0.0,1
lev7l3,gym,55.0,7.1,-0.1,170.0,2-4h,0.0,0.778,9.5426,0,1,0,4.4,0.0,1
lev7l3,gym,55.0,9.5,-1.7,205.0,2-4h,0.0,1.955,15.9581,1,0,0,3.7,0.0,1
lk6nsg,gym,90.0,7.4,0.7,65.0,0-2h,1.668,0.659,7.0171,0,0,0,6.0,0.0,1
lk6nsg,gym,90.0,5.9,0.2,75.0,0-2h,0.844,0.258,4.3447,0,1,0,5.9,0.0,1
lk6nsg,gym,90.0,7.7,-0.8,10.0,0-2h,2.66,1.05,6.6627,1,1,0,3.2,0.0,1
lkm6yj,gym,90.0,4.5,-5.3,15.0,0-2h,7.326,0.645,10.592,1,1,0,3.3,0.0,1
lkm6yj,gym,90.0,5.4,-3.0,315.0,4-6h,0.667,0.444,3.1534,1,1,0,3.6,0.0,1
lkm6yj,gym,90.0,14.1,1.4,20.0,0-2h,5.695,0.992,9.6837,0,1,0,7.0,0.0714,1
lv5io5,gym,55.0,7.7,-3.7,185.0,2-4h,0.867,0.757,9.5895,0,1,0,4.3,0.0,1
lv5io5,gym,55.0,6.5,0.2,225.0,2-4h,0.0,0.484,6.3789,0,1,0,4.2,0.0,1
lv5io5,gym,55.0,7.5,-1.3,185.0,2-4h,0.0,0.836,5.4442,0,1,0,4.9,0.0,1
m09e2l,cricket_indoor,85.0,4.3,-2.0,30.0,0-2h,4.462,0.05,14.5328,1,0,0,3.1,0.0,1
m09e2l,cricket_indoor,85.0,8.4,-2.0,10.0,0-2h,8.692,0.825,15.8364,0,0,0,4.6,0.0,1
m09e2l,cricket_indoor,85.0,5.1,0.5,115.0,0-2h,0.076,0.171,7.0663,0,1,0,5.1,0.0,1
mbieyl,football,70.0,8.3,1.4,75.0,0-2h,0.482,0.29,17.9665,0,1,0,7.9,0.0,1
mbieyl,football,70.0,3.7,-1.5,340.0,4-6h,0.0,0.488,2.206,1,0,0,3.7,0.0,1
mbieyl,football,70.0,12.9,3.1,100.0,0-2h,0.95,0.92,10.9833,0,0,0,6.4,0.0,1
mfzqst,gym,75.0,5.6,-3.8,135.0,2-4h,0.0,0.97,6.216,1,0,0,3.6,0.0,1
mfzqst,gym,75.0,8.1,0.4,715.0,6h+,0.0,1.375,4.1768,1,1,1,2.8,0.0,1
mfzqst,gym,75.0,4.5,-2.3,50.0,0-2h,2.25,0.281,6.6365,1,1,0,3.8,0.0,1
mj9klp,gym,90.0,6.2,0.5,35.0,0-2h,1.947,0.616,9.9529,0,1,0,5.7,0.0,1
mj9klp,gym,90.0,7.1,1.0,770.0,6h+,0.0,0.862,3.6647,0,0,0,5.6,0.0,1
mj9klp,gym,90.0,7.7,1.0,665.0,6h+,0.0,0.996,3.3999,1,1,0,3.3,0.0,1
ng529n,gym,60.0,8.0,0.1,750.0,6h+,0.0,0.648,2.4882,0,1,0,6.7,0.0,1
ng529n,gym,60.0,10.4,1.8,505.0,6h+,0.0,0.645,2.4405,0,1,0,6.1,0.0,1
ng529n,gym,60.0,6.9,-1.4,535.0,6h+,0.0,0.156,2.4237,0,1,0,6.9,0.0,1
nzfvqw,cricket_indoor,65.0,5.6,0.9,80.0,0-2h,2.505,0.825,11.4178,0,1,0,4.5,0.0,1
nzfvqw,cricket_indoor,65.0,8.5,2.6,40.0,0-2h,2.638,0.61,6.9417,0,1,0,8.4,0.0,1
nzfvqw,cricket_indoor,65.0,11.2,-2.5,45.0,0-2h,4.066,1.237,12.9873,0,1,0,6.3,0.0811,1
o07391,gym,55.0,7.4,-1.1,230.0,2-4h,0.0,0.582,5.6439,0,1,0,5.7,0.0,1
o07391,gym,55.0,5.1,-0.6,550.0,6h+,0.0,0.012,1.9299,0,1,0,5.0,0.0,1
o07391,gym,55.0,6.3,-1.2,215.0,2-4h,0.0,0.401,5.1277,0,1,0,4.9,0.0,1
o1jco4,cricket_outdoor,240.0,13.7,-0.8,35.0,0-2h,1.413,1.56,15.0992,1,0,1,2.2,0.0,1
o1jco4,cricket_outdoor,240.0,7.2,0.7,115.0,0-2h,0.12,0.657,13.1068,1,1,0,3.7,0.0,1
o1jco4,cricket_outdoor,240.0,6.5,0.1,255.0,4-6h,0.0,0.376,1.8769,1,1,0,3.1,0.0,1
o1lnle,gym,90.0,7.2,-0.1,690.0,6h+,0.0,1.295,4.7961,1,1,0,3.4,0.0,1
o1lnle,gym,90.0,10.1,1.4,110.0,0-2h,0.558,1.138,9.4574,1,1,1,2.2,0.0,1
o1lnle,gym,90.0,6.9,-0.8,930.0,6h+,0.0,1.454,4.2616,1,1,0,3.7,0.0,1
o2vdyh,gym,55.0,8.0,0.1,750.0,6h+,0.0,0.648,2.4882,0,1,0,6.7,0.0,1
o2vdyh,gym,55.0,7.3,-1.7,525.0,6h+,0.0,0.941,4.1665,0,1,0,6.1,0.0,1
o2vdyh,gym,55.0,10.4,1.8,505.0,6h+,0.0,0.645,2.4405,0,1,0,6.6,0.0,1
o4fexr,football,65.0,7.7,-0.7,60.0,0-2h,1.137,0.444,15.6557,0,1,0,6.8,0.0,1
o4fexr,football,65.0,8.5,-1.9,25.0,0-2h,4.91,0.732,9.7019,0,1,0,5.3,0.0,1
o4fexr,football,65.0,5.3,-0.6,30.0,0-2h,6.977,0.291,12.8374,0,0,0,5.3,0.0,1
oa0mxw,gym,75.0,11.2,-2.5,45.0,0-2h,4.066,1.237,12.9873,0,1,0,6.3,0.0769,1
oa0mxw,gym,75.0,5.6,-1.5,80.0,0-2h,2.203,0.299,10.0453,1,1,0,3.1,0.0,1
oa0mxw,gym,75.0,5.6,0.9,80.0,0-2h,2.505,0.825,11.4178,0,1,0,4.5,0.0,1
p0zudz,gym,70.0,13.7,3.4,10.0,0-2h,6.253,0.891,9.6409,0,1,0,11.2,0.0789,1
p0zudz,gym,70.0,6.7,-4.1,5.0,0-2h,8.067,0.75,10.8196,1,1,0,3.3,0.0,1
p0zudz,gym,70.0,6.4,-3.2,305.0,4-6h,0.771,0.516,3.3448,1,1,0,3.6,0.0,1
pmkitk,cricket_indoor,65.0,9.5,1.5,200.0,2-4h,0.0,0.981,4.7825,0,1,0,7.7,0.0,1
pmkitk,cricket_indoor,65.0,6.7,-1.8,5.0,0-2h,1.436,0.264,4.3858,0,0,0,5.0,0.0,1
pmkitk,cricket_indoor,65.0,6.4,-1.1,5.0,0-2h,5.271,0.732,14.7152,0,0,0,6.3,0.0,1
pmtuw1,cricket_outdoor,250.0,7.2,-2.0,985.0,6h+,0.0,0.892,4.1597,0,0,0,5.4,0.0,1
pmtuw1,cricket_outdoor,250.0,6.1,0.5,25.0,0-2h,5.273,0.542,12.0224,0,0,0,5.2,0.0,1
pmtuw1,cricket_outdoor,250.0,7.9,-0.4,45.0,0-2h,2.665,0.783,7.5476,0,0,0,4.7,0.0,1
pqzut1,football,65.0,4.8,2.6,25.0,0-2h,6.008,0.459,14.6646,1,0,0,3.3,0.0,1
pqzut1,football,65.0,10.1,2.0,125.0,2-4h,0.0,1.043,4.749,0,1,0,5.4,0.0,1
pqzut1,football,65.0,9.8,-3.4,25.0,0-2h,8.632,0.947,22.5761,0,1,0,4.1,0.0541,1
q3fqvc,gym,85.0,5.8,-0.6,100.0,0-2h,1.008,0.126,7.5679,0,1,0,5.8,0.0,1
q3fqvc,gym,85.0,11.5,1.2,210.0,2-4h,0.0,0.923,5.1316,0,0,0,4.8,0.0,1
q3fqvc,gym,85.0,5.7,-0.5,275.0,4-6h,0.0,0.213,2.2595,1,1,1,2.2,0.0,1
q8fmh6,gym,60.0,7.8,0.8,1440.0,6h+,0.0,0.946,3.2857,0,0,0,5.4,0.0,1
q8fmh6,gym,60.0,5.9,-1.0,60.0,0-2h,2.118,0.358,6.5931,0,0,0,4.4,0.0,1
q8fmh6,gym,60.0,9.8,1.0,45.0,0-2h,3.835,0.905,8.6997,0,0,0,8.2,0.0,1
qf4vgk,gym,100.0,6.2,0.5,700.0,6h+,0.0,0.642,2.5086,1,1,0,3.0,0.0,1
qf4vgk,gym,100.0,8.9,-0.6,115.0,0-2h,0.13,1.344,6.216,1,1,0,3.6,0.0,1
qf4vgk,gym,100.0,7.3,0.2,650.0,6h+,0.0,0.799,2.6964,1,1,0,3.3,0.0,1
qqwy4n,gym,75.0,6.3,-1.4,40.0,0-2h,1.948,0.62,6.6627,1,1,0,3.2,0.0,1
qqwy4n,gym,75.0,9.2,3.3,10.0,0-2h,2.64,0.404,6.8558,0,1,0,8.6,0.0,1
qqwy4n,gym,75.0,3.9,-0.9,70.0,0-2h,1.625,0.117,6.1609,1,1,0,3.8,0.0,1
qzyccd,gym,60.0,7.3,0.0,15.0,0-2h,3.79,1.541,8.2295,1,1,1,2.6,0.0,1
qzyccd,gym,60.0,6.4,0.6,650.0,6h+,0.0,0.635,2.771,0,0,0,4.4,0.0,1
qzyccd,gym,60.0,6.9,0.1,350.0,4-6h,0.0,1.169,3.6203,0,0,0,5.1,0.0,1
r3pmex,gym,85.0,6.5,0.2,770.0,6h+,0.0,0.709,2.8715,0,1,0,6.5,0.0,1
r3pmex,gym,85.0,6.4,-0.1,275.0,4-6h,0.0,0.466,2.0138,0,0,0,6.0,0.0,1
r3pmex,gym,85.0,8.5,1.0,5.0,0-2h,5.802,0.677,8.6298,0,0,0,8.2,0.0,1
r75dtp,gym,80.0,10.2,1.5,35.0,0-2h,0.637,0.999,5.9549,0,0,0,4.3,0.0,1
r75dtp,gym,80.0,4.5,-1.1,110.0,0-2h,0.612,0.705,11.2896,0,1,0,4.5,0.0,1
r75dtp,gym,80.0,11.3,2.8,70.0,0-2h,1.6,0.912,7.5159,0,1,0,5.9,0.0,1
r8pjqh,cricket_outdoor,145.0,15.2,1.6,155.0,2-4h,0.0,1.082,5.3971,0,1,0,13.0,0.0,1
r8pjqh,cricket_outdoor,145.0,17.3,2.5,215.0,2-4h,0.0,0.078,6.7775,1,0,1,2.2,0.0,1
r8pjqh,cricket_outdoor,145.0,11.6,3.3,35.0,0-2h,3.625,0.936,8.1658,0,0,0,9.3,0.0,1
rggu3p,gym,70.0,6.9,0.4,800.0,6h+,0.0,1.087,2.9075,0,1,0,4.8,0.0,1
rggu3p,gym,70.0,6.7,0.3,305.0,4-6h,0.0,0.76,2.6564,0,0,0,6.0,0.0,1
rggu3p,gym,70.0,8.9,0.4,35.0,0-2h,4.327,0.848,8.6298,0,0,0,8.2,0.0,1
rpc9gp,football,65.0,9.8,-0.2,55.0,0-2h,0.397,0.9,6.1363,0,0,0,4.3,0.0,1
rpc9gp,football,65.0,5.4,0.5,130.0,2-4h,0.0,0.53,11.304,0,1,0,5.3,0.0,1
rpc9gp,football,65.0,18.3,2.0,25.0,0-2h,2.667,1.232,16.1579,0,1,0,6.3,0.0,1
rx1ndq,gym,60.0,6.9,0.1,1440.0,6h+,0.0,0.789,3.1053,0,0,0,5.4,0.0,1
rx1ndq,gym,60.0,8.7,0.9,20.0,0-2h,5.064,0.763,8.6298,0,0,0,8.2,0.0,1
rx1ndq,gym,60.0,6.7,0.4,290.0,4-6h,0.0,0.613,2.3351,0,0,0,6.0,0.0,1
rz87c5,gym,85.0,11.2,-2.5,60.0,0-2h,2.828,1.24,12.9873,0,1,0,6.3,0.0244,1
rz87c5,gym,85.0,5.8,-0.7,95.0,0-2h,1.141,0.237,9.8185,1,1,0,3.1,0.0,1
rz87c5,gym,85.0,4.8,-0.3,95.0,0-2h,1.487,0.856,11.6165,0,1,0,4.5,0.0,1
sjd95x,cricket_outdoor,280.0,9.9,-1.7,75.0,0-2h,0.594,0.877,9.0158,0,1,0,4.7,0.0,1
sjd95x,cricket_outdoor,280.0,6.8,-0.5,250.0,4-6h,0.0,0.295,1.5439,0,0,0,6.0,0.0,1
sjd95x,cricket_outdoor,280.0,8.7,-2.3,35.0,0-2h,3.067,0.951,16.4803,1,0,0,3.8,0.0,1
t5tvor,gym,70.0,7.2,0.4,780.0,6h+,0.0,0.541,2.7196,1,0,0,3.7,0.0,1
t5tvor,gym,70.0,9.0,0.3,705.0,6h+,0.0,1.203,3.2255,1,1,0,3.7,0.0,1
t5tvor,gym,70.0,5.7,0.7,20.0,0-2h,0.765,0.51,11.36,0,1,0,5.7,0.0,1
tzeb8u,gym,60.0,8.5,2.3,75.0,0-2h,1.38,0.733,7.2129,0,0,0,6.0,0.0,1
tzeb8u,gym,60.0,8.4,0.4,640.0,6h+,0.0,0.573,2.3884,0,0,0,5.1,0.0,1
tzeb8u,gym,60.0,6.8,1.6,85.0,0-2h,0.656,0.372,4.3447,0,1,0,6.8,0.0,1
u72ffi,gym,95.0,11.0,1.6,35.0,0-2h,4.255,0.936,16.91,1,1,1,2.9,0.0,1
u72ffi,gym,95.0,8.2,0.4,880.0,6h+,0.0,1.14,3.809,1,1,1,2.3,0.0,1
u72ffi,gym,95.0,5.1,-0.2,85.0,0-2h,2.591,0.668,19.7703,1,0,1,2.2,0.0,1
utxyth,football,60.0,9.4,-0.1,110.0,0-2h,0.27,0.963,4.865,0,0,0,5.6,0.0,1
utxyth,football,60.0,5.2,-1.5,55.0,0-2h,1.462,0.182,6.41,0,0,0,5.2,0.0,1
utxyth,football,60.0,4.2,1.1,100.0,0-2h,0.992,0.157,6.6328,0,0,0,4.2,0.0,1
vcm6n5,gym,65.0,7.1,0.8,185.0,2-4h,0.0,0.953,3.5425,0,0,0,6.3,0.0,1
vcm6n5,gym,65.0,8.1,-0.3,1440.0,6h+,0.0,0.999,3.2857,0,0,0,5.4,0.0,1
vcm6n5,gym,65.0,6.7,1.8,680.0,6h+,0.0,0.618,2.77,0,1,0,5.9,0.0,1
vep2wa,gym,105.0,5.0,-0.4,45.0,0-2h,2.812,0.209,7.4371,0,0,0,4.2,0.0,1
vep2wa,gym,105.0,6.1,-0.1,15.0,0-2h,3.7,0.57,9.8611,0,1,0,4.1,0.0,1
vep2wa,gym,105.0,8.0,1.5,705.0,6h+,0.0,1.043,4.4476,0,0,0,5.2,0.0,1
vkcypz,football,65.0,4.6,-0.5,100.0,0-2h,0.637,0.316,12.6695,0,1,0,4.2,0.0,1
vkcypz,football,65.0,6.9,0.9,35.0,0-2h,4.604,0.533,9.9696,0,0,0,4.8,0.0,1
vkcypz,football,65.0,10.1,2.0,125.0,2-4h,0.0,1.043,4.749,0,1,0,5.4,0.0,1
vn4qeq,gym,100.0,14.9,0.2,10.0,0-2h,12.189,1.199,24.266,0,1,0,7.0,0.0,1
vn4qeq,gym,100.0,9.5,4.3,20.0,0-2h,3.858,1.045,10.0699,1,1,1,2.5,0.0,1
vn4qeq,gym,100.0,4.7,-2.0,40.0,0-2h,3.29,0.609,7.811,1,0,0,3.8,0.0,1
vwqngp,gym,75.0,7.4,0.2,10.0,0-2h,3.967,1.508,8.091,1,1,1,2.4,0.0,1
vwqngp,gym,75.0,6.4,0.3,645.0,6h+,0.0,0.595,2.771,0,0,0,4.4,0.0,1
vwqngp,gym,75.0,7.0,0.2,345.0,4-6h,0.0,1.135,3.5132,0,0,0,5.1,0.0,1
w6ujny,gym,70.0,6.6,0.1,760.0,6h+,0.0,0.688,2.733,0,1,0,5.9,0.0,1
w6ujny,gym,70.0,6.3,-0.5,265.0,4-6h,0.0,0.389,1.821,0,0,0,6.0,0.0,1
w6ujny,gym,70.0,7.7,1.4,540.0,6h+,0.0,0.62,2.7298,0,0,0,7.7,0.0,1
w81p5x,cricket_indoor,65.0,13.7,-1.7,25.0,0-2h,5.716,1.229,12.9873,0,1,0,6.3,0.0811,1
w81p5x,cricket_indoor,65.0,5.1,1.5,60.0,0-2h,3.988,0.616,10.9626,0,1,0,4.5,0.0,1
w81p5x,cricket_indoor,65.0,6.8,2.7,20.0,0-2h,3.528,0.402,6.7397,0,1,0,6.8,0.0,1
wdjfty,gym,55.0,4.3,-2.0,30.0,0-2h,4.462,0.05,14.5328,1,0,0,3.1,0.0,1
wdjfty,gym,55.0,8.4,-2.0,10.0,0-2h,8.692,0.825,15.8364,0,0,0,4.6,0.0,1
wdjfty,gym,55.0,5.1,0.5,115.0,0-2h,0.076,0.171,7.0663,0,1,0,5.1,0.0,1
wkqu4u,cricket_outdoor,100.0,14.5,0.3,40.0,0-2h,3.001,1.185,15.5503,0,0,0,7.5,0.0,1
wkqu4u,cricket_outdoor,100.0,8.2,-0.2,365.0,6h+,0.0,1.08,2.1936,0,1,0,7.5,0.0,1
wkqu4u,cricket_outdoor,100.0,11.7,-0.7,55.0,0-2h,3.859,1.408,18.4624,0,0,0,9.1,0.0,1
yp0875,gym,75.0,7.2,0.5,810.0,6h+,0.0,1.202,3.01,1,1,0,3.1,0.0,1
yp0875,gym,75.0,6.1,-0.8,615.0,6h+,0.0,0.849,3.094,0,0,0,4.4,0.0,1
yp0875,gym,75.0,6.8,0.3,315.0,4-6h,0.0,0.858,2.8706,0,0,0,5.2,0.0,1
yspsb4,cricket_outdoor,110.0,7.3,0.7,45.0,0-2h,2.158,0.696,13.0934,1,0,0,3.7,0.0,1
yspsb4,cricket_outdoor,110.0,13.4,0.9,10.0,0-2h,8.706,1.6,19.9396,0,1,0,6.3,0.0,1
yspsb4,cricket_outdoor,110.0,6.1,-0.4,20.0,0-2h,3.64,0.718,10.4171,1,0,1,2.2,0.0,1
z3htnd,gym,65.0,7.8,-0.5,1440.0,6h+,0.0,1.047,3.4739,0,0,0,5.4,0.0,1
z3htnd,gym,65.0,7.3,0.7,195.0,2-4h,0.0,1.053,3.7567,0,0,0,6.3,0.0,1
z3htnd,gym,65.0,6.9,2.1,690.0,6h+,0.0,0.812,2.77,0,1,0,5.9,0.0,1
z9xv7v,cricket_indoor,60.0,4.1,-1.2,35.0,0-2h,4.215,0.041,14.5328,1,0,0,3.1,0.0,1
z9xv7v,cricket_indoor,60.0,8.0,-2.3,15.0,0-2h,8.311,0.745,15.7385,0,0,0,4.6,0.0,1
z9xv7v,cricket_indoor,60.0,5.2,0.5,120.0,0-2h,0.022,0.232,7.0663,0,1,0,5.1,0.0,1
zn6583,cricket_indoor,85.0,8.5,2.6,40.0,0-2h,2.638,0.61,6.9417,0,1,0,6.6,0.0,1
zn6583,cricket_indoor,85.0,5.6,0.9,80.0,0-2h,2.505,0.825,11.4178,0,1,0,4.5,0.0,1
zn6583,cricket_indoor,85.0,3.6,-1.3,45.0,0-2h,3.719,0.023,14.5328,1,0,0,3.1,0.0,1
