model,term,unit,OR,ci_lo,ci_hi
M_full,g0,per 1 mmol/L,0.8781087183958373,0.7696991260540929,0.9748740029046222
M_full,slope30,per 1 mmol/L per 30 min,0.8073251379058867,0.6585352045737614,0.973987334540396
M_full,insulin_total_4h,per 1 U,1.1124912835207577,1.0595672617210856,1.179275152035596
M_full,exercise,exercise vs rest,2.315255672054699,1.4146212472399438,4.0084943110760936
M_int,g0,per 1 mmol/L,0.8551679650048366,0.7324031981806994,0.9546442351890582
M_int,slope30,per 1 mmol/L per 30 min,0.7871934631955627,0.6315437686953809,0.960233151665585
M_int,insulin_total_4h,per 1 U,1.0458909562592853,1.0029787134543124,1.0943924991227176
M_int,exercise,exercise vs rest,0.4335242659342858,0.17302558762202802,1.0063706031822788
M_int,ex_x_ins4,"exercise x insulin_total_4h, per 1 U",1.3284574265256246,1.142253763663026,1.6089260763506632
M_int,exercise @ median insulin_total_4h,exercise vs rest at insulin_total_4h = 6.64 U,2.8550257597138553,1.645660214878123,5.955118520620646
M_sport,g0,per 1 mmol/L,0.8723352098424678,0.7464895558037988,0.980178999206192
M_sport,slope30,per 1 mmol/L per 30 min,0.7898954848302037,0.6376455513233281,0.9414615385235873
M_sport,insulin_total_4h,per 1 U,1.0983943366100541,1.0436893032105365,1.158025787881651
M_sport,sp_gym,gym vs rest,1.7749929394618373,0.957924750854641,3.119005343895136
M_sport,sp_cricket_indoor,cricket_indoor vs rest,4.56825923729265,1.5734596942177927,14.141110740419576
M_sport,sp_cricket_outdoor,cricket_outdoor vs rest,2.0283793921329774,0.4150224442754983,8.765633957254238
M_sport,sp_football,football vs rest,4.101341120334902,0.992482601542776,26.230583436176552
