set_id,exercise,cat2,g0,slope30,bolus_iob_u,est_basal_iob_u,insulin_total_4h,mins_since_meal,low_any,below3_any,overridden,weight,fold
22ywd6,1,gym,7.2,-0.7,0.0,0.827,3.1002,790.0,0,0,0,1.0,0
22ywd6,0,rest,6.8,-0.1,0.0,0.609,3.1994,1440.0,0,0,0,0.3333333333333333,0
22ywd6,0,rest,6.5,-0.6,0.0,0.66,2.164,245.0,0,0,0,0.3333333333333333,0
22ywd6,0,rest,6.3,-0.2,0.0,0.689,2.493,740.0,0,0,0,0.3333333333333333,0
3r18g1,1,gym,7.6,1.0,0.0,0.499,2.4476,880.0,0,0,0,1.0,0
3r18g1,0,rest,6.7,-0.5,0.0,0.736,3.3711,240.0,0,0,0,0.3333333333333333,0
3r18g1,0,rest,6.5,0.0,0.0,0.752,2.529,735.0,0,0,0,0.3333333333333333,0
3r18g1,0,rest,6.8,-0.6,0.0,0.578,3.1994,1440.0,0,0,0,0.3333333333333333,0
a9xj5m,1,gym,6.2,-0.5,0.0,0.528,3.2415,785.0,1,0,0,1.0,0
a9xj5m,0,rest,6.4,0.0,0.0,0.564,2.493,750.0,0,0,0,0.3333333333333333,0
a9xj5m,0,rest,6.3,-0.6,0.0,0.516,1.9498,255.0,0,0,0,0.3333333333333333,0
a9xj5m,0,rest,8.1,1.5,0.0,0.564,2.7298,530.0,0,0,0,0.3333333333333333,0
cg96nh,1,gym,8.5,2.3,0.0,0.573,1.8214,890.0,0,0,0,1.0,0
cg96nh,0,rest,6.7,-0.5,0.0,0.736,3.3711,240.0,0,0,0,0.3333333333333333,0
cg96nh,0,rest,6.8,-0.6,0.0,0.578,3.1994,1440.0,0,0,0,0.3333333333333333,0
cg96nh,0,rest,6.5,0.0,0.0,0.752,2.529,735.0,0,0,0,0.3333333333333333,0
ezzmhu,1,gym,7.9,-0.9,0.0,1.282,4.9349,740.0,0,0,0,1.0,0
ezzmhu,0,rest,6.8,0.1,0.0,1.005,3.1919,330.0,0,0,0,0.3333333333333333,0
ezzmhu,0,rest,12.1,3.4,3.098,0.976,8.9556,60.0,0,0,0,0.3333333333333333,0
ezzmhu,0,rest,5.3,-0.9,1.606,0.222,6.3366,75.0,0,0,0,0.3333333333333333,0
pmkitk,1,cricket_indoor,8.3,-0.5,0.0,0.817,1.7675,280.0,1,0,0,1.0,0
pmkitk,0,rest,9.5,1.5,0.0,0.981,4.7825,200.0,0,0,0,0.3333333333333333,0
pmkitk,0,rest,6.7,-1.8,1.436,0.264,4.3858,5.0,0,0,0,0.3333333333333333,0
pmkitk,0,rest,6.4,-1.1,5.271,0.732,14.7152,5.0,0,0,0,0.3333333333333333,0
q8fmh6,1,gym,6.5,-0.4,0.0,0.635,3.0926,860.0,0,0,0,1.0,0
q8fmh6,0,rest,7.8,0.8,0.0,0.946,3.2857,1440.0,0,0,0,0.3333333333333333,0
q8fmh6,0,rest,5.9,-1.0,2.118,0.358,6.5931,60.0,0,0,0,0.3333333333333333,0
q8fmh6,0,rest,9.8,1.0,3.835,0.905,8.6997,45.0,0,0,0,0.3333333333333333,0
rx1ndq,1,gym,6.3,0.2,0.0,0.439,1.957,760.0,0,0,0,1.0,0
rx1ndq,0,rest,6.9,0.1,0.0,0.789,3.1053,1440.0,0,0,0,0.3333333333333333,0
rx1ndq,0,rest,8.7,0.9,5.064,0.763,8.6298,20.0,0,0,0,0.3333333333333333,0
rx1ndq,0,rest,6.7,0.4,0.0,0.613,2.3351,290.0,0,0,0,0.3333333333333333,0
vcm6n5,1,gym,7.4,-1.1,0.0,0.805,2.4572,660.0,0,0,0,1.0,0
vcm6n5,0,rest,7.1,0.8,0.0,0.953,3.5425,185.0,0,0,0,0.3333333333333333,0
vcm6n5,0,rest,8.1,-0.3,0.0,0.999,3.2857,1440.0,0,0,0,0.3333333333333333,0
vcm6n5,0,rest,6.7,1.8,0.0,0.618,2.77,680.0,0,0,0,0.3333333333333333,0
z3htnd,1,gym,6.8,-1.0,0.0,0.802,2.5623,530.0,0,0,0,1.0,0
z3htnd,0,rest,7.8,-0.5,0.0,1.047,3.4739,1440.0,0,0,0,0.3333333333333333,0
z3htnd,0,rest,7.3,0.7,0.0,1.053,3.7567,195.0,0,0,0,0.3333333333333333,0
z3htnd,0,rest,6.9,2.1,0.0,0.812,2.77,690.0,0,0,0,0.3333333333333333,0
6c42p9,1,gym,13.4,1.7,0.0,0.466,9.3124,225.0,1,0,0,1.0,1
6c42p9,0,rest,13.9,6.9,0.0,0.783,2.7422,310.0,0,0,0,0.3333333333333333,1
6c42p9,0,rest,8.8,-2.1,1.488,0.854,4.0472,30.0,1,0,0,0.3333333333333333,1
6c42p9,0,rest,7.4,-3.1,0.875,0.588,3.5362,295.0,1,0,0,0.3333333333333333,1
7altkw,1,football,9.6,3.2,0.0,0.652,10.1804,155.0,1,1,0,1.0,1
7altkw,0,rest,5.9,-0.2,6.593,0.346,12.9031,35.0,0,0,0,0.3333333333333333,1
7altkw,0,rest,8.4,-1.8,4.612,0.667,9.605,30.0,0,0,0,0.3333333333333333,1
7altkw,0,rest,9.0,-0.2,0.348,0.966,7.9377,105.0,0,0,0,0.3333333333333333,1
ajlvpr,1,gym,7.7,1.2,0.0,0.8,3.1017,845.0,0,0,0,1.0,1
ajlvpr,0,rest,7.5,0.7,0.0,1.373,3.4255,825.0,1,1,0,0.3333333333333333,1
ajlvpr,0,rest,5.6,-1.3,0.0,0.684,2.797,630.0,0,0,0,0.3333333333333333,1
ajlvpr,0,rest,6.8,0.1,0.0,1.005,3.1919,330.0,0,0,0,0.3333333333333333,1
c97s94,1,cricket_indoor,13.3,0.6,0.527,1.347,6.2703,135.0,0,0,0,1.0,1
c97s94,0,rest,7.7,-0.7,1.137,0.444,15.6557,60.0,0,0,0,0.3333333333333333,1
c97s94,0,rest,8.5,-1.9,4.91,0.732,9.7019,25.0,0,0,0,0.3333333333333333,1
c97s94,0,rest,5.3,-0.6,6.977,0.291,12.8374,30.0,0,0,0,0.3333333333333333,1
cc9axe,1,gym,3.7,-1.7,0.0,0.342,16.7948,155.0,1,0,0,1.0,1
cc9axe,0,rest,6.1,-0.6,0.0,0.779,13.486,195.0,1,0,0,0.3333333333333333,1
cc9axe,0,rest,5.2,-0.2,0.0,0.325,10.6931,180.0,1,0,0,0.3333333333333333,1
cc9axe,0,rest,5.0,-2.2,0.0,0.385,10.4103,180.0,1,0,0,0.3333333333333333,1
e6fuxr,1,cricket_indoor,8.8,1.6,0.0,0.898,7.4795,130.0,0,0,0,1.0,1
e6fuxr,0,rest,10.2,1.5,0.637,0.999,5.9549,35.0,0,0,0,0.3333333333333333,1
e6fuxr,0,rest,4.5,-1.1,0.612,0.705,11.2896,110.0,0,0,0,0.3333333333333333,1
e6fuxr,0,rest,11.3,2.8,1.6,0.912,7.5159,70.0,0,0,0,0.3333333333333333,1
ejen0x,1,gym,6.7,-5.0,2.818,0.752,6.9826,45.0,1,1,0,1.0,1
ejen0x,0,rest,13.7,-1.0,6.541,1.207,12.9873,15.0,0,0,0,0.3333333333333333,1
ejen0x,0,rest,4.7,0.9,4.73,0.512,10.735,50.0,0,0,0,0.3333333333333333,1
ejen0x,0,rest,5.9,1.1,3.978,0.297,6.7397,10.0,0,0,0,0.3333333333333333,1
fff7dm,1,gym,9.6,0.3,0.0,0.856,10.7418,200.0,1,1,0,1.0,1
fff7dm,0,rest,4.8,-1.5,0.0,0.441,12.968,220.0,1,0,0,0.3333333333333333,1
fff7dm,0,rest,4.0,-1.4,0.0,0.219,10.6931,205.0,1,0,0,0.3333333333333333,1
fff7dm,0,rest,4.1,-1.2,0.0,0.158,10.4103,205.0,1,0,0,0.3333333333333333,1
h3p231,1,gym,8.9,1.6,0.0,1.392,2.8797,870.0,0,0,0,1.0,1
h3p231,0,rest,6.8,0.3,0.0,0.913,2.9075,785.0,0,0,0,0.3333333333333333,1
h3p231,0,rest,6.7,0.4,0.0,0.613,2.3351,290.0,0,0,0,0.3333333333333333,1
h3p231,0,rest,8.7,0.9,5.064,0.763,8.6298,20.0,0,0,0,0.3333333333333333,1
lv5io5,1,gym,6.2,0.0,0.0,0.468,2.4655,625.0,0,0,0,1.0,1
lv5io5,0,rest,7.7,-3.7,0.867,0.757,9.5895,185.0,0,0,0,0.3333333333333333,1
lv5io5,0,rest,6.5,0.2,0.0,0.484,6.3789,225.0,0,0,0,0.3333333333333333,1
lv5io5,0,rest,7.5,-1.3,0.0,0.836,5.4442,185.0,0,0,0,0.3333333333333333,1
nzfvqw,1,cricket_indoor,7.7,3.0,0.854,0.547,3.2337,70.0,0,0,0,1.0,1
nzfvqw,0,rest,5.6,0.9,2.505,0.825,11.4178,80.0,0,0,0,0.3333333333333333,1
nzfvqw,0,rest,8.5,2.6,2.638,0.61,6.9417,40.0,0,0,0,0.3333333333333333,1
nzfvqw,0,rest,11.2,-2.5,4.066,1.237,12.9873,45.0,0,0,0,0.3333333333333333,1
o07391,1,gym,5.8,-0.4,0.0,0.584,2.2894,1055.0,0,0,0,1.0,1
o07391,0,rest,7.4,-1.1,0.0,0.582,5.6439,230.0,0,0,0,0.3333333333333333,1
o07391,0,rest,5.1,-0.6,0.0,0.012,1.9299,550.0,0,0,0,0.3333333333333333,1
o07391,0,rest,6.3,-1.2,0.0,0.401,5.1277,215.0,0,0,0,0.3333333333333333,1
o2vdyh,1,gym,5.9,-1.8,0.0,0.604,3.1966,650.0,1,0,0,1.0,1
o2vdyh,0,rest,8.0,0.1,0.0,0.648,2.4882,750.0,0,0,0,0.3333333333333333,1
o2vdyh,0,rest,7.3,-1.7,0.0,0.941,4.1665,525.0,0,0,0,0.3333333333333333,1
o2vdyh,0,rest,10.4,1.8,0.0,0.645,2.4405,505.0,0,0,0,0.3333333333333333,1
o4fexr,1,football,11.3,1.9,0.0,1.182,5.9429,150.0,0,0,0,1.0,1
o4fexr,0,rest,7.7,-0.7,1.137,0.444,15.6557,60.0,0,0,0,0.3333333333333333,1
o4fexr,0,rest,8.5,-1.9,4.91,0.732,9.7019,25.0,0,0,0,0.3333333333333333,1
o4fexr,0,rest,5.3,-0.6,6.977,0.291,12.8374,30.0,0,0,0,0.3333333333333333,1
oa0mxw,1,gym,5.2,1.1,0.525,0.519,5.1855,85.0,1,0,0,1.0,1
oa0mxw,0,rest,11.2,-2.5,4.066,1.237,12.9873,45.0,0,0,0,0.3333333333333333,1
oa0mxw,0,rest,5.6,-1.5,2.203,0.299,10.0453,80.0,1,0,0,0.3333333333333333,1
oa0mxw,0,rest,5.6,0.9,2.505,0.825,11.4178,80.0,0,0,0,0.3333333333333333,1
p0zudz,1,gym,5.1,-0.8,0.0,0.518,2.2895,330.0,0,0,0,1.0,1
p0zudz,0,rest,13.7,3.4,6.253,0.891,9.6409,10.0,0,0,0,0.3333333333333333,1
p0zudz,0,rest,6.7,-4.1,8.067,0.75,10.8196,5.0,1,0,0,0.3333333333333333,1
p0zudz,0,rest,6.4,-3.2,0.771,0.516,3.3448,305.0,1,0,0,0.3333333333333333,1
qzyccd,1,gym,7.4,-0.3,0.0,1.096,3.5091,1015.0,0,0,0,1.0,1
qzyccd,0,rest,7.3,0.0,3.79,1.541,8.2295,15.0,1,1,0,0.3333333333333333,1
qzyccd,0,rest,6.4,0.6,0.0,0.635,2.771,650.0,0,0,0,0.3333333333333333,1
qzyccd,0,rest,6.9,0.1,0.0,1.169,3.6203,350.0,0,0,0,0.3333333333333333,1
r3pmex,1,gym,6.7,1.1,0.0,0.575,2.59,785.0,0,0,0,1.0,1
r3pmex,0,rest,6.5,0.2,0.0,0.709,2.8715,770.0,0,0,0,0.3333333333333333,1
r3pmex,0,rest,6.4,-0.1,0.0,0.466,2.0138,275.0,0,0,0,0.3333333333333333,1
r3pmex,0,rest,8.5,1.0,5.802,0.677,8.6298,5.0,0,0,0,0.3333333333333333,1
r75dtp,1,gym,13.5,0.5,0.0,1.359,7.4859,125.0,0,0,0,1.0,1
r75dtp,0,rest,10.2,1.5,0.637,0.999,5.9549,35.0,0,0,0,0.3333333333333333,1
r75dtp,0,rest,4.5,-1.1,0.612,0.705,11.2896,110.0,0,0,0,0.3333333333333333,1
r75dtp,0,rest,11.3,2.8,1.6,0.912,7.5159,70.0,0,0,0,0.3333333333333333,1
rggu3p,1,gym,6.5,0.3,0.0,1.058,2.8104,760.0,1,0,0,1.0,1
rggu3p,0,rest,6.9,0.4,0.0,1.087,2.9075,800.0,0,0,0,0.3333333333333333,1
rggu3p,0,rest,6.7,0.3,0.0,0.76,2.6564,305.0,0,0,0,0.3333333333333333,1
rggu3p,0,rest,8.9,0.4,4.327,0.848,8.6298,35.0,0,0,0,0.3333333333333333,1
rpc9gp,1,football,7.0,1.4,0.0,0.526,7.6625,150.0,1,0,0,1.0,1
rpc9gp,0,rest,9.8,-0.2,0.397,0.9,6.1363,55.0,0,0,0,0.3333333333333333,1
rpc9gp,0,rest,5.4,0.5,0.0,0.53,11.304,130.0,0,0,0,0.3333333333333333,1
rpc9gp,0,rest,18.3,2.0,2.667,1.232,16.1579,25.0,0,0,0,0.3333333333333333,1
rz87c5,1,gym,13.5,1.5,0.39,1.034,4.2323,85.0,0,0,0,1.0,1
rz87c5,0,rest,11.2,-2.5,2.828,1.24,12.9873,60.0,0,0,0,0.3333333333333333,1
rz87c5,0,rest,5.8,-0.7,1.141,0.237,9.8185,95.0,1,0,0,0.3333333333333333,1
rz87c5,0,rest,4.8,-0.3,1.487,0.856,11.6165,95.0,0,0,0,0.3333333333333333,1
vwqngp,1,gym,7.0,-0.2,0.0,1.173,3.7607,700.0,1,1,0,1.0,1
vwqngp,0,rest,7.4,0.2,3.967,1.508,8.091,10.0,1,1,0,0.3333333333333333,1
vwqngp,0,rest,6.4,0.3,0.0,0.595,2.771,645.0,0,0,0,0.3333333333333333,1
vwqngp,0,rest,7.0,0.2,0.0,1.135,3.5132,345.0,0,0,0,0.3333333333333333,1
w6ujny,1,gym,7.0,0.7,0.0,0.902,3.3372,900.0,0,0,0,1.0,1
w6ujny,0,rest,6.6,0.1,0.0,0.688,2.733,760.0,0,0,0,0.3333333333333333,1
w6ujny,0,rest,6.3,-0.5,0.0,0.389,1.821,265.0,0,0,0,0.3333333333333333,1
w6ujny,0,rest,7.7,1.4,0.0,0.62,2.7298,540.0,0,0,0,0.3333333333333333,1
w81p5x,1,cricket_indoor,7.4,1.7,0.44,0.458,2.8012,80.0,0,0,0,1.0,1
w81p5x,0,rest,13.7,-1.7,5.716,1.229,12.9873,25.0,0,0,0,0.3333333333333333,1
w81p5x,0,rest,5.1,1.5,3.988,0.616,10.9626,60.0,0,0,0,0.3333333333333333,1
w81p5x,0,rest,6.8,2.7,3.528,0.402,6.7397,20.0,0,0,0,0.3333333333333333,1
yp0875,1,gym,9.5,1.4,0.0,1.264,3.9092,485.0,0,0,0,1.0,1
yp0875,0,rest,7.2,0.5,0.0,1.202,3.01,810.0,1,0,0,0.3333333333333333,1
yp0875,0,rest,6.1,-0.8,0.0,0.849,3.094,615.0,0,0,0,0.3333333333333333,1
yp0875,0,rest,6.8,0.3,0.0,0.858,2.8706,315.0,0,0,0,0.3333333333333333,1
1ei55l,1,cricket_indoor,6.4,-1.5,0.0,0.413,9.6773,125.0,1,0,0,1.0,2
1ei55l,0,rest,4.3,-2.0,4.462,0.05,14.5328,30.0,1,0,0,0.3333333333333333,2
1ei55l,0,rest,8.4,-2.0,8.692,0.825,15.8364,10.0,0,0,0,0.3333333333333333,2
1ei55l,0,rest,5.1,0.5,0.076,0.171,7.0663,115.0,0,0,0,0.3333333333333333,2
2eeinf,1,gym,8.0,0.8,0.0,0.836,3.4454,700.0,0,0,0,1.0,2
2eeinf,0,rest,8.2,1.0,0.0,0.609,2.4626,525.0,0,0,0,0.3333333333333333,2
2eeinf,0,rest,9.3,0.4,0.0,0.829,2.1706,775.0,0,0,0,0.3333333333333333,2
2eeinf,0,rest,10.7,1.9,0.0,1.232,3.0518,765.0,0,0,0,0.3333333333333333,2
3bennr,1,gym,12.9,-1.8,0.0,1.262,5.2941,300.0,0,0,0,1.0,2
3bennr,0,rest,6.8,2.7,3.528,0.402,6.7397,20.0,0,0,0,0.3333333333333333,2
3bennr,0,rest,5.1,1.5,3.988,0.616,10.9626,60.0,0,0,0,0.3333333333333333,2
3bennr,0,rest,4.7,-1.7,4.71,0.06,14.5328,25.0,1,0,0,0.3333333333333333,2
3hukn9,1,gym,8.2,-0.3,0.0,0.715,2.0633,800.0,0,0,0,1.0,2
3hukn9,0,rest,8.2,1.0,0.0,0.609,2.4626,525.0,0,0,0,0.3333333333333333,2
3hukn9,0,rest,10.5,2.0,1.71,1.031,5.31,45.0,0,0,0,0.3333333333333333,2
3hukn9,0,rest,9.0,-1.0,0.306,0.932,5.177,105.0,0,0,0,0.3333333333333333,2
3moiw0,1,football,4.6,-1.1,0.093,0.483,9.6296,115.0,1,0,0,1.0,2
3moiw0,0,rest,12.5,2.2,3.509,1.054,10.8987,20.0,1,0,0,0.3333333333333333,2
3moiw0,0,rest,5.4,0.5,0.0,0.53,11.304,130.0,0,0,0,0.3333333333333333,2
3moiw0,0,rest,9.9,0.9,0.383,0.931,4.865,105.0,0,0,0,0.3333333333333333,2
6td5it,1,cricket_indoor,9.6,2.4,0.653,0.888,3.8969,90.0,0,0,0,1.0,2
6td5it,0,rest,9.7,2.4,2.119,0.765,7.2288,55.0,0,0,0,0.3333333333333333,2
6td5it,0,rest,4.8,-0.3,1.487,0.856,11.6165,95.0,0,0,0,0.3333333333333333,2
6td5it,0,rest,3.4,-0.9,2.975,0.011,11.3328,60.0,1,0,0,0.3333333333333333,2
72zwkh,1,football,8.4,-1.8,0.0,0.517,6.3842,210.0,0,0,0,1.0,2
72zwkh,0,rest,4.1,0.9,1.24,0.106,6.6328,95.0,0,0,0,0.3333333333333333,2
72zwkh,0,rest,5.5,-1.4,3.736,0.167,11.8038,75.0,0,0,0,0.3333333333333333,2
72zwkh,0,rest,5.0,-2.3,1.606,0.22,6.497,50.0,0,0,0,0.3333333333333333,2
8b5ekj,1,gym,11.9,0.6,2.695,1.021,6.3449,45.0,0,0,0,1.0,2
8b5ekj,0,rest,4.9,-1.3,5.206,0.079,14.5328,15.0,1,0,0,0.3333333333333333,2
8b5ekj,0,rest,5.9,1.1,3.978,0.297,6.7397,10.0,0,0,0,0.3333333333333333,2
8b5ekj,0,rest,4.7,0.9,4.73,0.512,10.735,50.0,0,0,0,0.3333333333333333,2
9lr7e6,1,gym,6.8,0.3,0.0,0.889,3.5144,820.0,0,0,0,1.0,2
9lr7e6,0,rest,8.4,-1.1,0.0,0.473,2.2182,650.0,0,0,0,0.3333333333333333,2
9lr7e6,0,rest,9.4,2.9,1.092,0.806,7.4087,85.0,0,0,0,0.3333333333333333,2
9lr7e6,0,rest,7.2,-0.6,0.0,0.647,6.1475,170.0,1,0,0,0.3333333333333333,2
jbp3dg,1,cricket_indoor,8.9,4.3,0.18,0.734,4.1009,85.0,1,1,0,1.0,2
jbp3dg,0,rest,10.3,6.5,0.0,0.36,2.2017,255.0,1,0,0,0.3333333333333333,2
jbp3dg,0,rest,9.8,5.8,0.0,0.597,1.9341,255.0,1,0,0,0.3333333333333333,2
jbp3dg,0,rest,7.8,-0.6,1.635,0.248,9.2686,90.0,1,0,0,0.3333333333333333,2
k1ej7c,1,gym,7.2,-0.8,0.0,0.806,3.0728,825.0,0,0,0,1.0,2
k1ej7c,0,rest,7.7,-1.2,0.0,0.472,5.6859,145.0,1,0,0,0.3333333333333333,2
k1ej7c,0,rest,5.6,0.7,0.0,0.417,4.6952,205.0,0,0,0,0.3333333333333333,2
k1ej7c,0,rest,9.4,2.7,0.0,0.566,2.4624,625.0,0,0,0,0.3333333333333333,2
knqao7,1,gym,8.6,1.7,1.433,0.83,5.0792,55.0,0,0,0,1.0,2
knqao7,0,rest,9.1,2.3,2.292,0.713,7.1331,50.0,0,0,0,0.3333333333333333,2
knqao7,0,rest,5.0,-0.1,1.779,0.915,11.6309,90.0,0,0,0,0.3333333333333333,2
knqao7,0,rest,3.6,-1.1,3.223,0.013,14.5328,55.0,1,0,0,0.3333333333333333,2
l1nei2,1,gym,7.4,1.4,0.0,0.691,2.6708,645.0,0,0,0,1.0,2
l1nei2,0,rest,8.2,0.2,0.0,0.693,2.4882,755.0,0,0,0,0.5,2
l1nei2,0,rest,6.9,-0.9,0.0,0.123,2.4237,540.0,0,0,0,0.5,2
lkm6yj,1,gym,4.6,-0.3,0.058,0.263,4.6524,120.0,1,1,0,1.0,2
lkm6yj,0,rest,4.5,-5.3,7.326,0.645,10.592,15.0,1,0,0,0.3333333333333333,2
lkm6yj,0,rest,5.4,-3.0,0.667,0.444,3.1534,315.0,1,0,0,0.3333333333333333,2
lkm6yj,0,rest,14.1,1.4,5.695,0.992,9.6837,20.0,0,0,0,0.3333333333333333,2
m09e2l,1,cricket_indoor,7.3,-0.2,0.35,0.672,5.1155,85.0,1,1,0,1.0,2
m09e2l,0,rest,4.3,-2.0,4.462,0.05,14.5328,30.0,1,0,0,0.3333333333333333,2
m09e2l,0,rest,8.4,-2.0,8.692,0.825,15.8364,10.0,0,0,0,0.3333333333333333,2
m09e2l,0,rest,5.1,0.5,0.076,0.171,7.0663,115.0,0,0,0,0.3333333333333333,2
ng529n,1,gym,6.3,0.1,0.0,0.141,1.645,545.0,0,0,0,1.0,2
ng529n,0,rest,8.0,0.1,0.0,0.648,2.4882,750.0,0,0,0,0.3333333333333333,2
ng529n,0,rest,10.4,1.8,0.0,0.645,2.4405,505.0,0,0,0,0.3333333333333333,2
ng529n,0,rest,6.9,-1.4,0.0,0.156,2.4237,535.0,0,0,0,0.3333333333333333,2
tzeb8u,1,gym,6.4,0.2,0.0,0.871,3.1998,645.0,0,0,0,1.0,2
tzeb8u,0,rest,8.5,2.3,1.38,0.733,7.2129,75.0,0,0,0,0.3333333333333333,2
tzeb8u,0,rest,8.4,0.4,0.0,0.573,2.3884,640.0,0,0,0,0.3333333333333333,2
tzeb8u,0,rest,6.8,1.6,0.656,0.372,4.3447,85.0,0,0,0,0.3333333333333333,2
utxyth,1,football,5.9,0.2,0.0,0.373,4.8705,125.0,0,0,0,1.0,2
utxyth,0,rest,9.4,-0.1,0.27,0.963,4.865,110.0,0,0,0,0.3333333333333333,2
utxyth,0,rest,5.2,-1.5,1.462,0.182,6.41,55.0,0,0,0,0.3333333333333333,2
utxyth,0,rest,4.2,1.1,0.992,0.157,6.6328,100.0,0,0,0,0.3333333333333333,2
wdjfty,1,gym,7.7,-2.2,0.583,0.475,4.2129,80.0,0,0,0,1.0,2
wdjfty,0,rest,4.3,-2.0,4.462,0.05,14.5328,30.0,1,0,0,0.3333333333333333,2
wdjfty,0,rest,8.4,-2.0,8.692,0.825,15.8364,10.0,0,0,0,0.3333333333333333,2
wdjfty,0,rest,5.1,0.5,0.076,0.171,7.0663,115.0,0,0,0,0.3333333333333333,2
z9xv7v,1,cricket_indoor,8.7,0.2,0.226,0.558,7.0611,110.0,1,0,0,1.0,2
z9xv7v,0,rest,4.1,-1.2,4.215,0.041,14.5328,35.0,1,0,0,0.3333333333333333,2
z9xv7v,0,rest,8.0,-2.3,8.311,0.745,15.7385,15.0,0,0,0,0.3333333333333333,2
z9xv7v,0,rest,5.2,0.5,0.022,0.232,7.0663,120.0,0,0,0,0.3333333333333333,2
zn6583,1,cricket_indoor,5.5,0.6,1.312,0.362,8.6647,85.0,1,0,0,1.0,2
zn6583,0,rest,8.5,2.6,2.638,0.61,6.9417,40.0,0,0,0,0.3333333333333333,2
zn6583,0,rest,5.6,0.9,2.505,0.825,11.4178,80.0,0,0,0,0.3333333333333333,2
zn6583,0,rest,3.6,-1.3,3.719,0.023,14.5328,45.0,1,0,0,0.3333333333333333,2
1tlasq,1,gym,8.9,1.5,0.0,1.057,3.8247,595.0,0,0,0,1.0,3
1tlasq,0,rest,5.7,-0.8,5.85,0.447,9.6466,20.0,1,0,0,0.3333333333333333,3
1tlasq,0,rest,5.9,-0.7,0.0,0.581,2.1417,795.0,1,0,0,0.3333333333333333,3
1tlasq,0,rest,8.9,0.6,0.0,1.031,4.448,740.0,0,0,0,0.3333333333333333,3
313z9g,1,football,7.5,1.9,0.624,0.673,9.2623,50.0,0,0,0,1.0,3
313z9g,0,rest,9.8,-3.4,8.632,0.947,22.5761,25.0,0,0,0,0.3333333333333333,3
313z9g,0,rest,7.1,0.4,5.25,0.638,13.8508,15.0,1,0,0,0.3333333333333333,3
313z9g,0,rest,7.6,-1.8,9.296,0.724,21.864,25.0,0,0,0,0.3333333333333333,3
4hao0e,1,cricket_indoor,11.9,0.9,1.326,1.224,12.6891,80.0,1,0,0,1.0,3
4hao0e,0,rest,4.8,-2.1,2.979,0.677,10.3194,65.0,0,0,0,0.3333333333333333,3
4hao0e,0,rest,5.9,-1.0,1.4,0.385,5.6529,85.0,0,0,0,0.3333333333333333,3
4hao0e,0,rest,4.6,0.0,0.0,0.197,12.075,130.0,1,0,0,0.3333333333333333,3
80iknq,1,cricket_indoor,10.7,0.9,0.0,1.554,7.6724,230.0,0,0,0,1.0,3
80iknq,0,rest,11.9,2.2,0.695,0.885,15.362,75.0,0,0,0,0.3333333333333333,3
80iknq,0,rest,3.2,-10.5,3.964,0.757,9.3479,50.0,1,1,0,0.3333333333333333,3
80iknq,0,rest,6.9,0.5,0.86,0.64,10.249,75.0,0,0,0,0.3333333333333333,3
aepsky,1,gym,7.7,1.0,0.0,0.832,3.9206,665.0,0,0,0,1.0,3
aepsky,0,rest,7.2,-1.0,2.304,0.816,6.6627,25.0,1,0,0,0.3333333333333333,3
aepsky,0,rest,7.7,2.6,0.562,0.429,4.3447,90.0,0,0,0,0.3333333333333333,3
aepsky,0,rest,4.2,-2.2,2.094,0.233,6.5176,55.0,1,0,0,0.3333333333333333,3
aufli1,1,gym,6.2,-0.7,0.0,0.081,2.1135,860.0,1,0,0,1.0,3
aufli1,0,rest,5.9,2.0,1.879,0.32,7.7463,25.0,0,0,0,0.3333333333333333,3
aufli1,0,rest,7.9,-0.5,0.0,1.562,5.0903,770.0,1,1,0,0.3333333333333333,3
aufli1,0,rest,6.1,1.9,6.562,0.59,15.4804,30.0,1,0,0,0.3333333333333333,3
f9basx,1,cricket_indoor,4.8,-4.8,0.0,0.603,4.8714,220.0,1,0,0,1.0,3
f9basx,0,rest,6.5,-2.2,3.85,0.501,13.5927,35.0,1,0,0,0.3333333333333333,3
f9basx,0,rest,5.9,-3.4,6.955,0.495,21.5232,45.0,0,0,0,0.3333333333333333,3
f9basx,0,rest,9.0,-2.2,6.516,0.639,22.4495,45.0,1,0,0,0.3333333333333333,3
f9riiq,1,gym,9.4,0.4,0.0,1.008,2.9218,905.0,0,0,0,1.0,3
f9riiq,0,rest,5.7,-1.7,1.406,0.329,4.7246,45.0,0,0,0,0.3333333333333333,3
f9riiq,0,rest,8.5,-0.1,0.0,1.03,3.8127,840.0,0,0,0,0.3333333333333333,3
f9riiq,0,rest,6.7,-0.3,2.53,0.752,7.0266,35.0,0,0,0,0.3333333333333333,3
gigkx5,1,gym,6.6,-1.8,0.0,0.857,3.451,670.0,0,0,0,1.0,3
gigkx5,0,rest,8.7,0.8,1.213,1.088,6.0702,65.0,0,0,0,0.3333333333333333,3
gigkx5,0,rest,7.2,-0.4,0.0,1.033,3.3581,645.0,0,0,0,0.3333333333333333,3
gigkx5,0,rest,8.2,-0.6,0.0,1.211,3.6003,550.0,1,0,0,0.3333333333333333,3
ima4ht,1,gym,7.2,-0.7,0.0,0.841,3.0892,680.0,1,1,0,1.0,3
ima4ht,0,rest,7.2,-1.0,3.5,0.842,7.319,10.0,1,0,0,0.3333333333333333,3
ima4ht,0,rest,7.7,0.5,0.0,1.165,4.0107,675.0,1,1,0,0.3333333333333333,3
ima4ht,0,rest,8.5,-0.1,0.0,1.03,3.8127,840.0,1,0,0,0.3333333333333333,3
k213bc,1,gym,4.4,-2.0,0.0,0.153,9.742,140.0,1,0,0,1.0,3
k213bc,0,rest,8.9,1.6,0.296,1.073,9.9089,110.0,0,0,0,0.3333333333333333,3
k213bc,0,rest,5.1,-1.7,2.727,0.636,14.864,25.0,0,0,0,0.3333333333333333,3
k213bc,0,rest,7.5,2.5,2.275,0.473,10.7155,65.0,1,0,0,0.3333333333333333,3
k7fesg,1,gym,10.8,1.3,0.717,0.536,3.0355,135.0,0,0,0,1.0,3
k7fesg,0,rest,5.7,-1.7,1.406,0.329,4.7246,45.0,0,0,0,0.3333333333333333,3
k7fesg,0,rest,6.7,-0.3,2.53,0.752,7.0266,35.0,0,0,0,0.3333333333333333,3
k7fesg,0,rest,8.5,-0.1,0.0,1.03,3.8127,840.0,1,0,0,0.3333333333333333,3
knv2j8,1,gym,6.9,-0.5,0.0,1.105,2.9616,715.0,0,0,0,1.0,3
knv2j8,0,rest,6.7,0.6,0.0,0.87,2.5497,760.0,1,0,0,0.3333333333333333,3
knv2j8,0,rest,4.9,0.0,7.781,0.434,15.401,15.0,1,0,0,0.3333333333333333,3
knv2j8,0,rest,8.3,-0.4,0.0,1.541,4.9242,755.0,1,1,0,0.3333333333333333,3
kxwmdv,1,cricket_indoor,12.3,0.8,0.0,1.512,7.63,145.0,0,0,0,1.0,3
kxwmdv,0,rest,6.0,-3.8,3.307,0.788,11.6273,60.0,1,0,0,0.3333333333333333,3
kxwmdv,0,rest,5.1,0.5,0.0,0.465,8.1652,160.0,1,0,0,0.3333333333333333,3
kxwmdv,0,rest,3.7,-0.1,1.686,0.316,14.7835,85.0,1,0,0,0.3333333333333333,3
lk6nsg,1,gym,7.3,0.5,0.0,0.876,2.9014,675.0,0,0,0,1.0,3
lk6nsg,0,rest,7.4,0.7,1.668,0.659,7.0171,65.0,0,0,0,0.3333333333333333,3
lk6nsg,0,rest,5.9,0.2,0.844,0.258,4.3447,75.0,0,0,0,0.3333333333333333,3
lk6nsg,0,rest,7.7,-0.8,2.66,1.05,6.6627,10.0,1,0,0,0.3333333333333333,3
mfzqst,1,gym,6.1,-1.8,0.0,0.831,3.5041,700.0,1,0,0,1.0,3
mfzqst,0,rest,5.6,-3.8,0.0,0.97,6.216,135.0,1,0,0,0.3333333333333333,3
mfzqst,0,rest,8.1,0.4,0.0,1.375,4.1768,715.0,1,1,0,0.3333333333333333,3
mfzqst,0,rest,4.5,-2.3,2.25,0.281,6.6365,50.0,1,0,0,0.3333333333333333,3
pqzut1,1,football,8.3,-1.3,0.0,0.859,9.7459,140.0,1,1,0,1.0,3
pqzut1,0,rest,4.8,2.6,6.008,0.459,14.6646,25.0,1,0,0,0.3333333333333333,3
pqzut1,0,rest,10.1,2.0,0.0,1.043,4.749,125.0,0,0,0,0.3333333333333333,3
pqzut1,0,rest,9.8,-3.4,8.632,0.947,22.5761,25.0,0,0,0,0.3333333333333333,3
q3fqvc,1,gym,5.5,-1.9,0.148,0.81,5.5714,115.0,1,0,0,1.0,3
q3fqvc,0,rest,5.8,-0.6,1.008,0.126,7.5679,100.0,0,0,0,0.3333333333333333,3
q3fqvc,0,rest,11.5,1.2,0.0,0.923,5.1316,210.0,0,0,0,0.3333333333333333,3
q3fqvc,0,rest,5.7,-0.5,0.0,0.213,2.2595,275.0,1,1,0,0.3333333333333333,3
qf4vgk,1,gym,6.3,-0.4,0.0,0.47,2.389,840.0,1,0,0,1.0,3
qf4vgk,0,rest,6.2,0.5,0.0,0.642,2.5086,700.0,1,0,0,0.3333333333333333,3
qf4vgk,0,rest,8.9,-0.6,0.13,1.344,6.216,115.0,1,0,0,0.3333333333333333,3
qf4vgk,0,rest,7.3,0.2,0.0,0.799,2.6964,650.0,1,0,0,0.3333333333333333,3
qqwy4n,1,gym,7.0,0.0,0.0,1.236,4.7097,800.0,0,0,0,1.0,3
qqwy4n,0,rest,6.3,-1.4,1.948,0.62,6.6627,40.0,1,0,0,0.3333333333333333,3
qqwy4n,0,rest,9.2,3.3,2.64,0.404,6.8558,10.0,0,0,0,0.3333333333333333,3
qqwy4n,0,rest,3.9,-0.9,1.625,0.117,6.1609,70.0,1,0,0,0.3333333333333333,3
vkcypz,1,football,6.7,0.8,0.0,0.889,9.0783,140.0,1,0,0,1.0,3
vkcypz,0,rest,4.6,-0.5,0.637,0.316,12.6695,100.0,0,0,0,0.3333333333333333,3
vkcypz,0,rest,6.9,0.9,4.604,0.533,9.9696,35.0,0,0,0,0.3333333333333333,3
vkcypz,0,rest,10.1,2.0,0.0,1.043,4.749,125.0,0,0,0,0.3333333333333333,3
22u6c4,1,gym,7.9,-0.1,0.0,1.25,3.2434,745.0,0,0,0,1.0,4
22u6c4,0,rest,5.5,-0.4,7.466,0.376,14.3205,15.0,0,0,0,0.3333333333333333,4
22u6c4,0,rest,8.1,-0.4,4.3,0.727,1.6762,845.0,0,0,0,0.3333333333333333,4
22u6c4,0,rest,5.2,0.4,2.25,0.432,7.7573,60.0,0,0,0,0.3333333333333333,4
gg0lg2,1,gym,9.3,2.3,0.68,0.821,7.1544,90.0,0,0,0,1.0,4
gg0lg2,0,rest,8.3,-0.2,0.07,1.161,11.6997,115.0,0,0,0,0.3333333333333333,4
gg0lg2,0,rest,11.4,-0.5,2.833,1.499,16.2873,40.0,0,0,0,0.3333333333333333,4
gg0lg2,0,rest,8.2,0.0,6.914,0.858,16.1099,10.0,1,0,0,0.3333333333333333,4
h7yu9u,1,gym,7.8,1.4,0.0,0.966,3.1204,960.0,0,0,0,1.0,4
h7yu9u,0,rest,7.0,-3.3,3.197,0.408,11.956,25.0,1,0,0,0.3333333333333333,4
h7yu9u,0,rest,6.0,0.7,0.0,0.555,11.6024,125.0,1,0,0,0.3333333333333333,4
h7yu9u,0,rest,5.2,-1.1,2.694,0.419,10.8855,60.0,0,0,0,0.3333333333333333,4
vep2wa,1,gym,7.4,1.8,0.0,0.858,2.5011,685.0,0,0,0,1.0,4
vep2wa,0,rest,5.0,-0.4,2.812,0.209,7.4371,45.0,0,0,0,0.3333333333333333,4
vep2wa,0,rest,6.1,-0.1,3.7,0.57,9.8611,15.0,0,0,0,0.3333333333333333,4
vep2wa,0,rest,8.0,1.5,0.0,1.043,4.4476,705.0,0,0,0,0.3333333333333333,4
98iqiq,1,cricket_outdoor,13.9,3.1,2.35,0.778,5.4477,145.0,0,0,0,1.0,5
98iqiq,0,rest,3.3,-0.8,2.617,0.431,9.7067,65.0,1,0,0,0.3333333333333333,5
98iqiq,0,rest,5.6,-1.7,4.625,0.559,15.3007,65.0,0,0,0,0.3333333333333333,5
98iqiq,0,rest,7.4,0.6,0.86,0.867,15.858,100.0,0,0,0,0.3333333333333333,5
a64kmp,1,gym,5.1,-2.2,0.0,0.667,4.1857,1440.0,1,0,0,1.0,5
a64kmp,0,rest,7.6,-0.8,5.482,1.355,10.3865,10.0,1,0,0,0.3333333333333333,5
a64kmp,0,rest,8.0,0.0,10.01,0.936,15.5354,10.0,0,0,0,0.3333333333333333,5
a64kmp,0,rest,6.6,0.5,2.611,0.93,13.403,55.0,0,0,0,0.3333333333333333,5
ab1mob,1,cricket_outdoor,6.3,1.7,0.854,0.719,7.5508,35.0,1,0,0,1.0,5
ab1mob,0,rest,5.0,-1.2,2.16,0.699,14.0551,70.0,1,0,0,0.3333333333333333,5
ab1mob,0,rest,8.9,-0.8,6.135,1.271,23.6514,25.0,0,0,0,0.3333333333333333,5
ab1mob,0,rest,7.7,0.9,1.08,0.596,17.9369,105.0,0,0,0,0.3333333333333333,5
ax9fyg,1,cricket_outdoor,7.9,4.3,0.0,1.42,4.052,315.0,0,0,0,1.0,5
ax9fyg,0,rest,9.4,1.5,0.0,1.118,10.464,160.0,0,0,0,0.3333333333333333,5
ax9fyg,0,rest,6.5,0.7,2.583,0.504,11.2365,80.0,0,0,0,0.3333333333333333,5
ax9fyg,0,rest,9.2,-3.3,7.527,1.583,20.1875,25.0,0,0,0,0.3333333333333333,5
fl4q1j,1,cricket_outdoor,12.4,-0.5,0.656,1.079,10.1153,185.0,1,1,0,1.0,5
fl4q1j,0,rest,6.7,-0.8,0.0,0.278,10.5774,225.0,0,0,0,0.3333333333333333,5
fl4q1j,0,rest,7.8,0.3,0.0,0.712,4.0675,195.0,0,0,0,0.3333333333333333,5
fl4q1j,0,rest,7.5,-1.7,0.0,0.689,9.2169,135.0,1,1,0,0.3333333333333333,5
ho523h,1,cricket_outdoor,4.8,0.2,0.0,0.69,11.406,120.0,0,0,0,1.0,5
ho523h,0,rest,6.9,-0.3,2.69,0.734,15.9171,80.0,0,0,0,0.3333333333333333,5
ho523h,0,rest,6.7,-1.7,6.583,0.87,15.7819,45.0,0,0,0,0.3333333333333333,5
ho523h,0,rest,11.2,0.3,2.905,1.018,26.7467,60.0,1,1,0,0.3333333333333333,5
lev7l3,1,gym,15.9,1.4,0.061,1.337,11.3231,135.0,1,0,0,1.0,5
lev7l3,0,rest,12.4,2.9,2.967,1.062,5.5656,35.0,0,0,0,0.3333333333333333,5
lev7l3,0,rest,7.1,-0.1,0.0,0.778,9.5426,170.0,0,0,0,0.3333333333333333,5
lev7l3,0,rest,9.5,-1.7,0.0,1.955,15.9581,205.0,1,0,0,0.3333333333333333,5
mj9klp,1,gym,7.7,0.0,0.0,0.997,3.209,810.0,0,0,0,1.0,5
mj9klp,0,rest,6.2,0.5,1.947,0.616,9.9529,35.0,0,0,0,0.3333333333333333,5
mj9klp,0,rest,7.1,1.0,0.0,0.862,3.6647,770.0,0,0,0,0.3333333333333333,5
mj9klp,0,rest,7.7,1.0,0.0,0.996,3.3999,665.0,1,0,0,0.3333333333333333,5
sjd95x,1,cricket_outdoor,11.0,-2.3,0.0,0.775,8.3596,125.0,1,0,0,1.0,5
sjd95x,0,rest,9.9,-1.7,0.594,0.877,9.0158,75.0,0,0,0,0.3333333333333333,5
sjd95x,0,rest,6.8,-0.5,0.0,0.295,1.5439,250.0,0,0,0,0.3333333333333333,5
sjd95x,0,rest,8.7,-2.3,3.067,0.951,16.4803,35.0,1,0,0,0.3333333333333333,5
vn4qeq,1,gym,10.3,1.2,0.0,1.056,3.8248,700.0,0,0,0,1.0,5
vn4qeq,0,rest,14.9,0.2,12.189,1.199,24.266,10.0,0,0,0,0.3333333333333333,5
vn4qeq,0,rest,9.5,4.3,3.858,1.045,10.0699,20.0,1,1,0,0.3333333333333333,5
vn4qeq,0,rest,4.7,-2.0,3.29,0.609,7.811,40.0,1,0,0,0.3333333333333333,5
yspsb4,1,cricket_outdoor,5.4,1.5,0.0,0.323,9.0853,140.0,0,0,0,1.0,5
yspsb4,0,rest,7.3,0.7,2.158,0.696,13.0934,45.0,1,0,0,0.3333333333333333,5
yspsb4,0,rest,13.4,0.9,8.706,1.6,19.9396,10.0,0,0,0,0.3333333333333333,5
yspsb4,0,rest,6.1,-0.4,3.64,0.718,10.4171,20.0,1,1,0,0.3333333333333333,5
1ulboj,1,cricket_outdoor,5.3,1.2,0.669,0.423,7.6167,105.0,0,0,0,1.0,6
1ulboj,0,rest,7.9,1.7,5.404,0.695,13.2012,25.0,0,0,0,0.3333333333333333,6
1ulboj,0,rest,9.7,0.5,1.143,0.878,13.4689,65.0,0,0,0,0.3333333333333333,6
1ulboj,0,rest,10.8,-3.1,4.838,0.982,16.4445,30.0,1,1,0,0.3333333333333333,6
4nab1d,1,cricket_outdoor,5.2,-4.0,0.0,0.806,8.4047,240.0,1,0,0,1.0,6
4nab1d,0,rest,8.7,2.0,1.924,0.446,14.8012,35.0,0,0,0,0.3333333333333333,6
4nab1d,0,rest,9.3,-1.7,0.0,0.787,13.6814,150.0,0,0,0,0.3333333333333333,6
4nab1d,0,rest,6.5,3.6,2.349,0.335,17.3971,20.0,0,0,0,0.3333333333333333,6
73zw3x,1,cricket_outdoor,8.1,-2.3,0.415,1.215,10.8419,110.0,0,0,0,1.0,6
73zw3x,0,rest,6.0,-1.9,0.411,0.268,15.0184,105.0,1,0,0,0.3333333333333333,6
73zw3x,0,rest,3.7,-1.6,0.795,0.386,11.6855,100.0,1,0,0,0.3333333333333333,6
73zw3x,0,rest,7.1,-1.6,4.465,0.866,7.736,10.0,1,0,0,0.3333333333333333,6
7ixqp3,1,gym,6.1,0.1,0.0,1.264,5.126,745.0,1,0,0,1.0,6
7ixqp3,0,rest,15.0,-1.3,5.881,1.167,10.9219,40.0,1,0,0,0.3333333333333333,6
7ixqp3,0,rest,3.7,-1.8,0.0,0.454,7.0963,125.0,1,0,0,0.3333333333333333,6
7ixqp3,0,rest,3.5,0.8,7.195,0.471,19.9721,45.0,1,1,0,0.3333333333333333,6
f8w6hc,1,gym,9.8,-0.1,0.0,1.067,2.838,940.0,0,0,0,1.0,6
f8w6hc,0,rest,8.8,3.1,0.54,0.715,11.36,50.0,1,1,0,0.3333333333333333,6
f8w6hc,0,rest,7.0,-0.2,0.0,0.417,2.3341,810.0,1,0,0,0.3333333333333333,6
f8w6hc,0,rest,7.8,-0.4,0.0,1.25,4.1243,845.0,1,1,0,0.3333333333333333,6
hok5dc,1,gym,5.6,0.3,0.0,0.558,2.4924,870.0,1,1,0,1.0,6
hok5dc,0,rest,4.9,-2.0,2.573,0.295,7.0188,60.0,1,0,0,0.3333333333333333,6
hok5dc,0,rest,7.7,1.0,0.0,0.777,3.8264,825.0,0,0,0,0.3333333333333333,6
hok5dc,0,rest,8.7,0.0,0.0,1.425,4.8928,580.0,0,0,0,0.3333333333333333,6
hzwzod,1,gym,15.5,1.2,1.785,0.826,5.5996,185.0,1,0,0,1.0,6
hzwzod,0,rest,7.7,-0.6,0.0,1.258,3.8279,750.0,0,0,0,0.3333333333333333,6
hzwzod,0,rest,8.1,1.1,0.0,1.195,4.1962,505.0,0,0,0,0.3333333333333333,6
hzwzod,0,rest,7.8,-0.7,4.153,0.927,7.5722,10.0,0,0,0,0.3333333333333333,6
js4fu2,1,cricket_outdoor,5.4,2.9,0.0,0.493,12.81,160.0,1,1,0,1.0,6
js4fu2,0,rest,5.8,0.3,0.0,0.177,0.7319,260.0,0,0,0,0.3333333333333333,6
js4fu2,0,rest,9.9,1.3,0.0,1.365,9.901,130.0,0,0,0,0.3333333333333333,6
js4fu2,0,rest,11.4,-1.9,6.569,1.48,15.0104,110.0,1,1,0,0.3333333333333333,6
mbieyl,1,football,10.3,-0.7,2.025,1.233,11.2941,65.0,1,1,0,1.0,6
mbieyl,0,rest,8.3,1.4,0.482,0.29,17.9665,75.0,0,0,0,0.3333333333333333,6
mbieyl,0,rest,3.7,-1.5,0.0,0.488,2.206,340.0,1,0,0,0.3333333333333333,6
mbieyl,0,rest,12.9,3.1,0.95,0.92,10.9833,100.0,0,0,0,0.3333333333333333,6
r8pjqh,1,cricket_outdoor,14.0,4.0,2.163,1.136,6.9417,65.0,0,0,0,1.0,6
r8pjqh,0,rest,15.2,1.6,0.0,1.082,5.3971,155.0,0,0,0,0.3333333333333333,6
r8pjqh,0,rest,17.3,2.5,0.0,0.078,6.7775,215.0,1,1,0,0.3333333333333333,6
r8pjqh,0,rest,11.6,3.3,3.625,0.936,8.1658,35.0,0,0,0,0.3333333333333333,6
t5tvor,1,gym,7.2,0.7,0.0,0.837,4.2801,555.0,1,1,0,1.0,6
t5tvor,0,rest,7.2,0.4,0.0,0.541,2.7196,780.0,1,0,0,0.3333333333333333,6
t5tvor,0,rest,9.0,0.3,0.0,1.203,3.2255,705.0,1,0,0,0.3333333333333333,6
t5tvor,0,rest,5.7,0.7,0.765,0.51,11.36,20.0,0,0,0,0.3333333333333333,6
u72ffi,1,gym,5.8,-1.7,0.0,0.727,3.9987,700.0,0,0,0,1.0,6
u72ffi,0,rest,11.0,1.6,4.255,0.936,16.91,35.0,1,1,0,0.3333333333333333,6
u72ffi,0,rest,8.2,0.4,0.0,1.14,3.809,880.0,1,1,0,0.3333333333333333,6
u72ffi,0,rest,5.1,-0.2,2.591,0.668,19.7703,85.0,1,1,0,0.3333333333333333,6
wkqu4u,1,cricket_outdoor,7.3,3.6,0.0,0.753,6.6523,155.0,1,0,0,1.0,6
wkqu4u,0,rest,14.5,0.3,3.001,1.185,15.5503,40.0,0,0,0,0.3333333333333333,6
wkqu4u,0,rest,8.2,-0.2,0.0,1.08,2.1936,365.0,0,0,0,0.3333333333333333,6
wkqu4u,0,rest,11.7,-0.7,3.859,1.408,18.4624,55.0,0,0,0,0.3333333333333333,6
3uw17h,1,gym,7.4,0.0,0.0,1.275,4.4539,810.0,1,0,0,1.0,7
3uw17h,0,rest,8.9,0.9,0.0,1.438,4.6334,500.0,0,0,0,0.3333333333333333,7
3uw17h,0,rest,6.7,1.1,0.0,0.742,3.2009,640.0,0,0,0,0.3333333333333333,7
3uw17h,0,rest,8.4,1.2,0.0,1.231,4.4039,580.0,1,0,0,0.3333333333333333,7
o1jco4,1,cricket_outdoor,13.9,2.2,0.258,0.665,3.1412,90.0,0,0,0,1.0,7
o1jco4,0,rest,13.7,-0.8,1.413,1.56,15.0992,35.0,1,1,0,0.3333333333333333,7
o1jco4,0,rest,7.2,0.7,0.12,0.657,13.1068,115.0,1,0,0,0.3333333333333333,7
o1jco4,0,rest,6.5,0.1,0.0,0.376,1.8769,255.0,1,0,0,0.3333333333333333,7
o1lnle,1,gym,6.6,-0.2,0.0,1.215,3.6234,820.0,1,0,0,1.0,7
o1lnle,0,rest,7.2,-0.1,0.0,1.295,4.7961,690.0,1,0,0,0.3333333333333333,7
o1lnle,0,rest,10.1,1.4,0.558,1.138,9.4574,110.0,1,1,0,0.3333333333333333,7
o1lnle,0,rest,6.9,-0.8,0.0,1.454,4.2616,930.0,1,0,0,0.3333333333333333,7
pmtuw1,1,cricket_outdoor,6.2,-1.3,0.029,0.617,6.393,120.0,0,0,0,1.0,7
pmtuw1,0,rest,7.2,-2.0,0.0,0.892,4.1597,985.0,0,0,0,0.3333333333333333,7
pmtuw1,0,rest,6.1,0.5,5.273,0.542,12.0224,25.0,0,0,0,0.3333333333333333,7
pmtuw1,0,rest,7.9,-0.4,2.665,0.783,7.5476,45.0,0,0,0,0.3333333333333333,7
