session_uid,fold,cat2,aerobic,duration_min,g0,slope30,slope15,min_prev2h,mins_below4_prev24h,bolus_iob_u,est_basal_iob_u,insulin_total_4h,bolus_sum_2h,bolus_sum_4h,carbs_sum_4h,mins_since_meal,meal_band,activity_at_start,activity_lead_min,hr_mean_session,steps_session,low_during,low_post2h,low_any,low_late,below3_any,first_low_min,nadir
nzfvqw,1,cricket_indoor,1,65.0,7.7,3.0,1.3,3.9,105.0,0.854,0.547,3.2337,2.05,2.05,30.0,70.0,0-2h,0,0,115.0,1900.0,0,0,0,0,0,,7.7
aufli1,3,gym,0,70.0,6.2,-0.7,-0.3,6.3,180.0,0.0,0.081,2.1135,0.0,0.0,0.0,860.0,6h+,0,0,105.0,1700.0,0,1,1,1,0,100.0,3.4
1ei55l,2,cricket_indoor,1,50.0,6.4,-1.5,0.3,6.1,70.0,0.0,0.413,9.6773,0.0,7.4,63.0,125.0,2-4h,1,35,100.0,1300.0,0,1,1,1,0,145.0,3.4
p0zudz,1,gym,0,70.0,5.1,-0.8,-0.2,5.2,45.0,0.0,0.518,2.2895,0.0,0.0,0.0,330.0,4-6h,0,0,105.0,1600.0,0,0,0,1,0,,4.0
1ulboj,6,cricket_outdoor,1,190.0,5.3,1.2,1.2,3.8,110.0,0.669,0.423,7.6167,5.35,5.35,46.0,105.0,0-2h,1,5,120.0,7900.0,0,0,0,1,0,,4.3
qzyccd,1,gym,0,60.0,7.4,-0.3,0.0,6.3,90.0,0.0,1.096,3.5091,0.0,0.0,0.0,1015.0,6h+,0,0,105.0,1600.0,0,0,0,0,0,,4.5
knqao7,2,gym,0,80.0,8.6,1.7,-0.5,3.6,90.0,1.433,0.83,5.0792,4.0,4.0,50.0,55.0,0-2h,0,0,110.0,1900.0,0,0,0,1,0,,5.4
vcm6n5,0,gym,0,65.0,7.4,-1.1,-0.6,6.9,0.0,0.0,0.805,2.4572,0.0,0.0,0.0,660.0,6h+,0,0,105.0,900.0,0,0,0,1,0,,6.1
l1nei2,2,gym,0,55.0,7.4,1.4,0.9,5.9,60.0,0.0,0.691,2.6708,0.0,0.0,0.0,645.0,6h+,0,0,105.0,2200.0,0,0,0,0,0,,7.4
oa0mxw,1,gym,0,75.0,5.2,1.1,-0.2,3.2,45.0,0.525,0.519,5.1855,1.8,2.6,30.0,85.0,0-2h,0,0,95.0,2300.0,1,1,1,1,0,20.0,3.7
tzeb8u,2,gym,0,60.0,6.4,0.2,-0.1,5.4,0.0,0.0,0.871,3.1998,0.0,0.0,0.0,645.0,6h+,0,0,110.0,3500.0,0,0,0,0,0,,5.7
t5tvor,6,gym,0,70.0,7.2,0.7,-0.5,6.0,15.0,0.0,0.837,4.2801,0.0,0.0,0.0,555.0,6h+,0,0,110.0,1900.0,1,1,1,1,1,55.0,2.7
ezzmhu,0,gym,0,75.0,7.9,-0.9,-0.9,7.4,0.0,0.0,1.282,4.9349,0.0,0.0,0.0,740.0,6h+,0,0,105.0,700.0,0,0,0,0,0,,5.6
lkm6yj,2,gym,0,90.0,4.6,-0.3,-0.3,3.2,35.0,0.058,0.263,4.6524,3.5,3.5,38.0,120.0,0-2h,0,0,100.0,2200.0,1,0,1,1,1,15.0,2.2
f8w6hc,6,gym,0,105.0,9.8,-0.1,-0.5,7.3,0.0,0.0,1.067,2.838,0.0,0.0,0.0,940.0,6h+,0,0,105.0,2000.0,0,0,0,1,0,,5.2
rx1ndq,0,gym,0,60.0,6.3,0.2,0.5,5.7,20.0,0.0,0.439,1.957,0.0,0.0,0.0,760.0,6h+,0,0,100.0,900.0,0,0,0,1,0,,5.3
vn4qeq,5,gym,0,100.0,10.3,1.2,1.1,8.2,110.0,0.0,1.056,3.8248,0.0,0.0,0.0,700.0,6h+,0,0,110.0,2900.0,0,0,0,1,0,,4.6
3hukn9,2,gym,0,70.0,8.2,-0.3,0.4,6.2,0.0,0.0,0.715,2.0633,0.0,0.0,0.0,800.0,6h+,0,0,110.0,2100.0,0,0,0,0,0,,5.7
vwqngp,1,gym,0,75.0,7.0,-0.2,-0.6,5.9,95.0,0.0,1.173,3.7607,0.0,0.0,0.0,700.0,6h+,0,0,100.0,3500.0,1,1,1,1,1,40.0,2.2
o2vdyh,1,gym,0,55.0,5.9,-1.8,-1.0,6.3,75.0,0.0,0.604,3.1966,0.0,0.0,0.0,650.0,6h+,0,0,100.0,1700.0,1,0,1,1,0,20.0,3.7
3r18g1,0,gym,0,20.0,7.6,1.0,0.5,6.6,0.0,0.0,0.499,2.4476,0.0,0.0,0.0,880.0,6h+,1,70,80.0,300.0,0,0,0,1,0,,7.2
ng529n,2,gym,0,60.0,6.3,0.1,0.0,6.1,5.0,0.0,0.141,1.645,0.0,0.0,0.0,545.0,6h+,0,0,95.0,1900.0,0,0,0,0,0,,6.3
a9xj5m,0,gym,0,55.0,6.2,-0.5,-0.1,6.2,85.0,0.0,0.528,3.2415,0.0,0.0,0.0,785.0,6h+,0,0,85.0,500.0,0,1,1,0,0,130.0,3.8
fl4q1j,5,cricket_outdoor,1,310.0,12.4,-0.5,-1.1,9.1,0.0,0.656,1.079,10.1153,0.75,5.75,28.0,185.0,2-4h,0,0,90.0,2900.0,1,1,1,1,1,40.0,2.9
r3pmex,1,gym,0,85.0,6.7,1.1,0.5,5.6,5.0,0.0,0.575,2.59,0.0,0.0,0.0,785.0,6h+,0,0,105.0,1600.0,0,0,0,1,0,,5.6
w6ujny,1,gym,0,70.0,7.0,0.7,-0.3,5.8,55.0,0.0,0.902,3.3372,0.0,0.0,0.0,900.0,6h+,0,0,95.0,600.0,0,0,0,1,0,,4.7
hzwzod,6,gym,0,120.0,15.5,1.2,0.2,6.8,0.0,1.785,0.826,5.5996,2.55,4.2,15.0,185.0,2-4h,0,0,110.0,3600.0,0,1,1,1,0,155.0,3.9
e6fuxr,1,cricket_indoor,1,65.0,8.8,1.6,1.3,5.4,50.0,0.0,0.898,7.4795,0.0,4.55,48.0,130.0,2-4h,0,0,100.0,1200.0,0,0,0,0,0,,4.2
73zw3x,6,cricket_outdoor,1,215.0,8.1,-2.3,-0.6,7.3,90.0,0.415,1.215,10.8419,7.05,7.05,66.0,110.0,0-2h,1,15,125.0,9400.0,0,0,0,1,0,,5.7
rggu3p,1,gym,0,70.0,6.5,0.3,-0.3,6.1,0.0,0.0,1.058,2.8104,0.0,0.0,0.0,760.0,6h+,0,0,105.0,2100.0,0,1,1,0,0,110.0,3.8
sjd95x,5,cricket_outdoor,1,280.0,11.0,-2.3,-1.2,7.4,45.0,0.0,0.775,8.3596,0.0,5.8,58.0,125.0,2-4h,1,60,115.0,9600.0,1,0,1,0,0,130.0,3.9
pmkitk,0,cricket_indoor,1,65.0,8.3,-0.5,-0.3,3.1,100.0,0.0,0.817,1.7675,0.0,0.0,0.0,280.0,4-6h,0,0,120.0,2600.0,1,1,1,1,0,60.0,3.9
u72ffi,6,gym,0,95.0,5.8,-1.7,-1.0,6.4,90.0,0.0,0.727,3.9987,0.0,0.0,0.0,700.0,6h+,0,0,100.0,2700.0,0,0,0,1,0,,4.4
98iqiq,5,cricket_outdoor,1,225.0,13.9,3.1,1.5,3.1,60.0,2.35,0.778,5.4477,0.0,3.3,22.0,145.0,2-4h,1,145,120.0,11000.0,0,0,0,1,0,,5.1
2eeinf,2,gym,0,65.0,8.0,0.8,0.6,7.1,80.0,0.0,0.836,3.4454,0.0,0.0,0.0,700.0,6h+,0,0,100.0,1400.0,0,0,0,1,0,,6.4
utxyth,2,football,1,60.0,5.9,0.2,1.1,4.8,0.0,0.0,0.373,4.8705,0.0,2.5,28.0,125.0,2-4h,1,30,140.0,5100.0,0,0,0,0,0,,4.1
jbp3dg,2,cricket_indoor,1,65.0,8.9,4.3,2.0,3.3,40.0,0.18,0.734,4.1009,0.6,1.4,27.0,85.0,0-2h,0,0,100.0,3000.0,0,1,1,1,1,150.0,2.2
yp0875,1,gym,0,75.0,9.5,1.4,0.3,6.3,115.0,0.0,1.264,3.9092,0.0,0.0,0.0,485.0,6h+,0,0,105.0,1900.0,0,0,0,1,0,,5.1
8b5ekj,2,gym,0,75.0,11.9,0.6,0.2,3.1,155.0,2.695,1.021,6.3449,4.2,4.2,30.0,45.0,0-2h,0,0,95.0,2600.0,0,0,0,1,0,,4.3
mfzqst,3,gym,0,75.0,6.1,-1.8,-1.1,6.4,0.0,0.0,0.831,3.5041,0.0,0.0,0.0,700.0,6h+,0,0,120.0,4100.0,0,1,1,0,0,115.0,3.4
hok5dc,6,gym,0,75.0,5.6,0.3,-0.6,5.3,130.0,0.0,0.558,2.4924,0.0,0.0,0.0,870.0,6h+,0,0,100.0,1700.0,0,1,1,1,1,105.0,2.8
c97s94,1,cricket_indoor,1,80.0,13.3,0.6,0.3,5.4,5.0,0.527,1.347,6.2703,0.8,2.65,22.0,135.0,2-4h,1,80,110.0,2700.0,0,0,0,1,0,,8.0
lv5io5,1,gym,0,55.0,6.2,0.0,0.2,5.8,5.0,0.0,0.468,2.4655,0.0,0.0,0.0,625.0,6h+,0,0,100.0,3000.0,0,0,0,0,0,,5.9
313z9g,3,football,1,65.0,7.5,1.9,0.9,5.3,80.0,0.624,0.673,9.2623,1.1,5.55,39.0,50.0,0-2h,0,0,135.0,4800.0,0,0,0,1,0,,4.4
h3p231,1,gym,0,55.0,8.9,1.6,0.3,4.6,85.0,0.0,1.392,2.8797,0.0,0.0,0.0,870.0,6h+,0,0,110.0,700.0,0,0,0,1,0,,6.1
9lr7e6,2,gym,0,80.0,6.8,0.3,-0.1,6.4,15.0,0.0,0.889,3.5144,0.0,0.0,0.0,820.0,6h+,0,0,85.0,2500.0,0,0,0,1,0,,4.5
4nab1d,6,cricket_outdoor,1,240.0,5.2,-4.0,-2.2,3.4,110.0,0.0,0.806,8.4047,0.0,6.15,58.0,240.0,2-4h,0,0,105.0,7900.0,1,0,1,0,0,10.0,3.2
k7fesg,3,gym,0,85.0,10.8,1.3,0.2,6.5,20.0,0.717,0.536,3.0355,1.0,1.5,8.0,135.0,2-4h,0,0,110.0,2200.0,0,0,0,0,0,,8.5
f9basx,3,cricket_indoor,1,60.0,4.8,-4.8,-2.7,5.4,90.0,0.0,0.603,4.8714,0.0,1.8,18.0,220.0,2-4h,1,35,100.0,2000.0,1,0,1,0,0,25.0,3.8
3bennr,2,gym,0,70.0,12.9,-1.8,-0.9,13.2,90.0,0.0,1.262,5.2941,0.0,1.2,0.0,300.0,4-6h,0,0,100.0,3500.0,0,0,0,1,0,,5.4
k213bc,3,gym,0,80.0,4.4,-2.0,-1.3,4.5,50.0,0.0,0.153,9.742,0.0,7.65,64.0,140.0,2-4h,1,30,115.0,3500.0,1,0,1,0,0,35.0,3.6
gg0lg2,4,gym,0,60.0,9.3,2.3,0.0,3.6,15.0,0.68,0.821,7.1544,2.4,4.55,46.0,90.0,0-2h,0,0,115.0,3800.0,0,0,0,0,0,,4.2
wdjfty,2,gym,0,55.0,7.7,-2.2,-0.5,7.3,55.0,0.583,0.475,4.2129,1.75,1.75,22.0,80.0,0-2h,0,0,120.0,2500.0,0,0,0,1,0,,5.5
fff7dm,1,gym,0,60.0,9.6,0.3,-0.8,4.1,105.0,0.0,0.856,10.7418,0.0,6.9,62.5,200.0,2-4h,0,0,95.0,2400.0,1,1,1,1,1,40.0,2.2
22ywd6,0,gym,0,15.0,7.2,-0.7,-0.3,7.4,30.0,0.0,0.827,3.1002,0.0,0.0,0.0,790.0,6h+,0,0,55.0,0.0,0,0,0,1,0,,6.2
pqzut1,3,football,1,65.0,8.3,-1.3,-0.9,8.4,85.0,0.0,0.859,9.7459,0.0,5.7,69.0,140.0,2-4h,1,30,125.0,5400.0,1,1,1,0,1,60.0,2.8
knv2j8,3,gym,0,75.0,6.9,-0.5,-0.4,5.5,45.0,0.0,1.105,2.9616,0.0,0.0,0.0,715.0,6h+,0,0,110.0,2100.0,0,0,0,1,0,,4.6
q3fqvc,3,gym,0,85.0,5.5,-1.9,-1.5,5.5,25.0,0.148,0.81,5.5714,2.95,2.95,32.0,115.0,0-2h,1,25,100.0,2300.0,1,0,1,1,0,25.0,3.2
rz87c5,1,gym,0,85.0,13.5,1.5,0.3,6.7,0.0,0.39,1.034,4.2323,1.3,1.3,15.0,85.0,0-2h,1,70,95.0,2100.0,0,0,0,0,0,,6.3
80iknq,3,cricket_indoor,1,60.0,10.7,0.9,-0.1,8.9,135.0,0.0,1.554,7.6724,0.0,2.6,26.0,230.0,2-4h,0,0,115.0,1800.0,0,0,0,1,0,,5.8
o1jco4,7,cricket_outdoor,1,240.0,13.9,2.2,0.9,7.4,5.0,0.258,0.665,3.1412,1.0,1.0,12.0,90.0,0-2h,1,0,115.0,9500.0,0,0,0,1,0,,5.7
w81p5x,1,cricket_indoor,1,65.0,7.4,1.7,1.0,3.1,100.0,0.44,0.458,2.8012,1.2,1.2,12.0,80.0,0-2h,1,65,105.0,1800.0,0,0,0,0,0,,6.3
f9riiq,3,gym,0,75.0,9.4,0.4,0.0,7.3,0.0,0.0,1.008,2.9218,0.0,0.0,0.0,905.0,6h+,0,0,100.0,1600.0,0,0,0,1,0,,5.8
r8pjqh,6,cricket_outdoor,1,145.0,14.0,4.0,2.9,7.5,20.0,2.163,1.136,6.9417,4.4,4.4,38.0,65.0,0-2h,1,60,125.0,6800.0,0,0,0,1,0,,6.4
6c42p9,1,gym,0,80.0,13.4,1.7,1.1,3.7,50.0,0.0,0.466,9.3124,0.0,7.45,76.0,225.0,2-4h,0,0,105.0,1700.0,0,1,1,1,0,160.0,3.5
js4fu2,6,cricket_outdoor,1,190.0,5.4,2.9,2.0,2.5,105.0,0.0,0.493,12.81,0.0,9.75,83.0,160.0,2-4h,0,0,115.0,6200.0,0,1,1,1,1,285.0,2.7
z3htnd,0,gym,0,65.0,6.8,-1.0,-0.9,7.0,25.0,0.0,0.802,2.5623,0.0,0.0,0.0,530.0,6h+,0,0,85.0,2900.0,0,0,0,0,0,,5.1
kxwmdv,3,cricket_indoor,1,75.0,12.3,0.8,-0.1,8.4,15.0,0.0,1.512,7.63,0.0,3.0,27.6,145.0,2-4h,0,0,105.0,2300.0,0,0,0,0,0,,6.6
ejen0x,1,gym,0,80.0,6.7,-5.0,-2.1,3.9,130.0,2.818,0.752,6.9826,4.45,4.45,22.0,45.0,0-2h,0,0,120.0,3000.0,1,1,1,0,1,15.0,2.8
1tlasq,3,gym,0,120.0,8.9,1.5,0.9,5.7,0.0,0.0,1.057,3.8247,0.0,0.0,0.0,595.0,6h+,0,0,90.0,2500.0,0,0,0,0,0,,6.9
wkqu4u,6,cricket_outdoor,1,100.0,7.3,3.6,0.6,2.9,135.0,0.0,0.753,6.6523,0.0,4.45,51.0,155.0,2-4h,0,0,105.0,4000.0,1,1,1,1,0,20.0,3.4
7altkw,1,football,1,60.0,9.6,3.2,3.2,5.2,20.0,0.0,0.652,10.1804,0.0,7.2,78.0,155.0,2-4h,1,60,105.0,5000.0,0,1,1,1,1,115.0,2.3
vkcypz,3,football,1,65.0,6.7,0.8,0.9,4.7,45.0,0.0,0.889,9.0783,0.0,5.5,42.0,140.0,2-4h,0,0,130.0,5800.0,0,1,1,0,0,125.0,3.4
k1ej7c,2,gym,0,70.0,7.2,-0.8,-0.6,6.9,15.0,0.0,0.806,3.0728,0.0,0.0,0.0,825.0,6h+,0,0,100.0,2000.0,0,0,0,0,0,,5.2
h7yu9u,4,gym,0,105.0,7.8,1.4,1.0,6.3,30.0,0.0,0.966,3.1204,0.0,0.0,0.0,960.0,6h+,0,0,105.0,3400.0,0,0,0,0,0,,4.2
o07391,1,gym,0,55.0,5.8,-0.4,-0.1,5.6,45.0,0.0,0.584,2.2894,0.0,0.0,0.0,1055.0,6h+,0,0,80.0,3800.0,0,0,0,1,0,,4.2
m09e2l,2,cricket_indoor,1,85.0,7.3,-0.2,0.9,4.3,0.0,0.35,0.672,5.1155,1.2,3.2,43.0,85.0,0-2h,0,0,90.0,1500.0,0,1,1,0,1,95.0,2.4
lk6nsg,3,gym,0,90.0,7.3,0.5,0.0,6.6,45.0,0.0,0.876,2.9014,0.0,0.0,0.0,675.0,6h+,0,0,90.0,1300.0,0,0,0,1,0,,6.0
zn6583,2,cricket_indoor,1,85.0,5.5,0.6,0.2,3.7,195.0,1.312,0.362,8.6647,6.0,6.8,70.0,85.0,0-2h,0,0,90.0,1400.0,0,1,1,0,0,145.0,3.3
vep2wa,4,gym,0,105.0,7.4,1.8,1.0,5.3,0.0,0.0,0.858,2.5011,0.0,0.0,0.0,685.0,6h+,0,0,105.0,3000.0,0,0,0,1,0,,6.7
lev7l3,5,gym,0,55.0,15.9,1.4,0.6,10.3,0.0,0.061,1.337,11.3231,0.1,7.55,70.0,135.0,2-4h,0,0,115.0,2900.0,0,1,1,0,0,55.0,3.8
o1lnle,7,gym,0,90.0,6.6,-0.2,-0.3,4.6,70.0,0.0,1.215,3.6234,0.0,0.0,0.0,820.0,6h+,0,0,95.0,2400.0,0,1,1,0,0,140.0,3.3
gigkx5,3,gym,0,85.0,6.6,-1.8,-1.6,7.2,95.0,0.0,0.857,3.451,0.0,0.0,0.0,670.0,6h+,0,0,110.0,1800.0,0,0,0,0,0,,4.2
22u6c4,4,gym,0,95.0,7.9,-0.1,-0.1,5.9,50.0,0.0,1.25,3.2434,0.0,0.0,0.0,745.0,6h+,0,0,115.0,2300.0,0,0,0,1,0,,5.0
z9xv7v,2,cricket_indoor,1,60.0,8.7,0.2,0.0,8.4,0.0,0.226,0.558,7.0611,4.55,4.55,42.0,110.0,0-2h,1,55,115.0,1800.0,0,1,1,1,0,175.0,3.9
ab1mob,5,cricket_outdoor,1,125.0,6.3,1.7,1.3,3.2,15.0,0.854,0.719,7.5508,4.8,4.8,48.0,35.0,0-2h,0,0,100.0,3400.0,1,0,1,1,0,35.0,3.9
ajlvpr,1,gym,0,70.0,7.7,1.2,0.4,5.8,60.0,0.0,0.8,3.1017,0.0,0.0,0.0,845.0,6h+,0,0,115.0,2800.0,0,0,0,1,0,,4.1
o4fexr,1,football,1,65.0,11.3,1.9,2.0,6.2,90.0,0.0,1.182,5.9429,0.0,2.2,38.0,150.0,2-4h,1,70,140.0,5500.0,0,0,0,1,0,,5.2
mj9klp,5,gym,0,90.0,7.7,0.0,-0.2,6.2,110.0,0.0,0.997,3.209,0.0,0.0,0.0,810.0,6h+,0,0,120.0,2700.0,0,0,0,1,0,,4.0
ho523h,5,cricket_outdoor,1,415.0,4.8,0.2,-0.9,3.7,80.0,0.0,0.69,11.406,7.4,7.4,67.0,120.0,0-2h,0,0,110.0,11900.0,0,0,0,0,0,,4.1
pmtuw1,7,cricket_outdoor,1,250.0,6.2,-1.3,-1.0,6.1,0.0,0.029,0.617,6.393,3.45,3.45,32.0,120.0,0-2h,1,10,120.0,11400.0,0,0,0,1,0,,6.2
mbieyl,6,football,1,70.0,10.3,-0.7,-1.0,8.3,100.0,2.025,1.233,11.2941,5.0,7.9,75.0,65.0,0-2h,0,0,135.0,6100.0,1,1,1,1,1,40.0,2.9
3uw17h,7,gym,0,100.0,7.4,0.0,-0.1,7.2,0.0,0.0,1.275,4.4539,0.0,0.0,0.0,810.0,6h+,0,0,105.0,2300.0,0,1,1,0,0,170.0,3.1
qf4vgk,3,gym,0,100.0,6.3,-0.4,0.0,6.3,0.0,0.0,0.47,2.389,0.0,0.0,0.0,840.0,6h+,0,0,105.0,2900.0,0,1,1,1,0,215.0,3.7
r75dtp,1,gym,0,80.0,13.5,0.5,-0.1,6.4,0.0,0.0,1.359,7.4859,0.0,4.3,45.0,125.0,2-4h,0,0,90.0,1900.0,0,0,0,0,0,,7.9
ima4ht,3,gym,0,110.0,7.2,-0.7,-0.3,6.5,75.0,0.0,0.841,3.0892,0.0,0.0,0.0,680.0,6h+,0,0,105.0,2300.0,0,1,1,1,1,215.0,2.9
aepsky,3,gym,0,105.0,7.7,1.0,0.1,6.4,20.0,0.0,0.832,3.9206,0.0,0.0,0.0,665.0,6h+,0,0,115.0,2800.0,0,0,0,1,0,,5.7
6td5it,2,cricket_indoor,1,55.0,9.6,2.4,1.3,4.4,30.0,0.653,0.888,3.8969,2.45,2.45,32.0,90.0,0-2h,0,0,115.0,2000.0,0,0,0,1,0,,6.4
7ixqp3,6,gym,0,135.0,6.1,0.1,0.4,5.7,40.0,0.0,1.264,5.126,0.0,0.0,0.0,745.0,6h+,0,0,100.0,2600.0,0,1,1,1,0,205.0,3.6
qqwy4n,3,gym,0,75.0,7.0,0.0,-0.2,7.0,20.0,0.0,1.236,4.7097,0.0,0.0,0.0,800.0,6h+,0,0,110.0,2800.0,0,0,0,0,0,,4.9
3moiw0,2,football,1,70.0,4.6,-1.1,0.7,3.9,210.0,0.093,0.483,9.6296,1.6,7.55,71.0,115.0,0-2h,1,5,120.0,5700.0,1,0,1,1,0,15.0,3.2
72zwkh,2,football,1,90.0,8.4,-1.8,-0.5,8.7,0.0,0.0,0.517,6.3842,0.0,3.4,35.0,210.0,2-4h,1,85,120.0,6400.0,0,0,0,1,0,,6.7
yspsb4,5,cricket_outdoor,1,110.0,5.4,1.5,0.8,3.3,40.0,0.0,0.323,9.0853,0.0,6.3,64.0,140.0,2-4h,1,20,115.0,3300.0,0,0,0,1,0,,5.2
q8fmh6,0,gym,0,60.0,6.5,-0.4,0.3,6.2,30.0,0.0,0.635,3.0926,0.0,0.0,0.0,860.0,6h+,0,0,100.0,700.0,0,0,0,1,0,,5.3
a64kmp,5,gym,0,110.0,5.1,-2.2,-0.6,5.5,0.0,0.0,0.667,4.1857,0.0,0.0,0.0,1440.0,6h+,0,0,105.0,2200.0,1,1,1,1,0,100.0,3.2
cc9axe,1,gym,0,85.0,3.7,-1.7,-0.8,3.9,255.0,0.0,0.342,16.7948,0.0,14.55,133.3,155.0,2-4h,0,0,105.0,1500.0,1,0,1,1,0,0.0,3.4
cg96nh,0,gym,0,60.0,8.5,2.3,0.7,5.3,0.0,0.0,0.573,1.8214,0.0,0.0,0.0,890.0,6h+,0,0,95.0,400.0,0,0,0,1,0,,6.6
ax9fyg,5,cricket_outdoor,1,130.0,7.9,4.3,3.2,3.5,110.0,0.0,1.42,4.052,0.0,0.0,0.0,315.0,4-6h,1,170,105.0,3400.0,0,0,0,0,0,,6.1
4hao0e,3,cricket_indoor,1,65.0,11.9,0.9,-1.1,9.7,30.0,1.326,1.224,12.6891,4.95,8.45,79.0,80.0,0-2h,0,0,115.0,1500.0,0,1,1,0,0,70.0,3.4
rpc9gp,1,football,1,65.0,7.0,1.4,1.1,3.0,135.0,0.0,0.526,7.6625,0.0,6.1,70.0,150.0,2-4h,1,10,130.0,5700.0,0,1,1,1,0,180.0,3.8
